-- phpMyAdmin SQL Dump
-- version 5.2.0
-- https://www.phpmyadmin.net/
--
-- Host: 127.0.0.1
-- Generation Time: Dec 09, 2023 at 06:59 PM
-- Server version: 10.4.27-MariaDB
-- PHP Version: 7.4.33

SET SQL_MODE = "NO_AUTO_VALUE_ON_ZERO";
START TRANSACTION;
SET time_zone = "+00:00";


/*!40101 SET @OLD_CHARACTER_SET_CLIENT=@@CHARACTER_SET_CLIENT */;
/*!40101 SET @OLD_CHARACTER_SET_RESULTS=@@CHARACTER_SET_RESULTS */;
/*!40101 SET @OLD_COLLATION_CONNECTION=@@COLLATION_CONNECTION */;
/*!40101 SET NAMES utf8mb4 */;

--
-- Database: `almacendb`
--

-- --------------------------------------------------------

--
-- Table structure for table `auxiliar`
--

CREATE TABLE `auxiliar` (
  `id` int(11) NOT NULL,
  `valor` varchar(50) DEFAULT NULL,
  `tipo` varchar(50) DEFAULT NULL,
  `orden` varchar(45) DEFAULT NULL
) ENGINE=InnoDB DEFAULT CHARSET=utf8 COLLATE=utf8_general_ci;

--
-- Dumping data for table `auxiliar`
--

INSERT INTO `auxiliar` (`id`, `valor`, `tipo`, `orden`) VALUES
(1, 'Prospecto', 'etapaventas', '1'),
(2, 'Calificación', 'etapaventas', '2'),
(3, 'Necesita Análisis', 'etapaventas', '3'),
(4, 'Cerrado', 'etapaventas', '4'),
(5, 'Perdido', 'etapaventas', '5'),
(6, 'Trimestral', 'frecuenciapago', '2'),
(7, 'Mensual', 'frecuenciapago', '1'),
(8, 'Semestral', 'frecuenciapago', '3'),
(9, 'Anual', 'frecuenciapago', '4'),
(10, 'SI', 'endoso', '1'),
(11, 'NO', 'endoso', '2');

-- --------------------------------------------------------

--
-- Table structure for table `categoria`
--

CREATE TABLE `categoria` (
  `idcat` int(11) NOT NULL,
  `nom_cat` varchar(60) NOT NULL,
  `des_cat` varchar(255) DEFAULT NULL,
  `con_cat` tinyint(4) NOT NULL DEFAULT 1
) ENGINE=InnoDB DEFAULT CHARSET=utf8 COLLATE=utf8_general_ci;

--
-- Dumping data for table `categoria`
--

INSERT INTO `categoria` (`idcat`, `nom_cat`, `des_cat`, `con_cat`) VALUES
(1, 'Hilos y fibras', 'Hilos y fibras', 1),
(2, 'Telas', 'Telas', 1),
(3, 'Prendas de vestir', 'Prendas de vestir', 1),
(4, 'Tejidos técnicos', 'Tejidos técnicos', 1),
(5, 'a', 'a', 0),
(6, '', '', 1),
(7, 'Accesorios', 'ACCESORIOS', 1);

-- --------------------------------------------------------

--
-- Table structure for table `grupo`
--

CREATE TABLE `grupo` (
  `id_rol` bigint(20) NOT NULL,
  `nom_rol` varchar(40) NOT NULL,
  `act_rol` tinyint(1) DEFAULT NULL
) ENGINE=InnoDB DEFAULT CHARSET=utf8 COLLATE=utf8_general_ci;

--
-- Dumping data for table `grupo`
--

INSERT INTO `grupo` (`id_rol`, `nom_rol`, `act_rol`) VALUES
(1, 'Administrador', 1),
(2, 'Supervisor', 1),
(3, 'Usuario', 1);

-- --------------------------------------------------------

--
-- Table structure for table `inventariofisico`
--

CREATE TABLE `inventariofisico` (
  `idinventario` bigint(20) NOT NULL,
  `productoid` bigint(20) NOT NULL,
  `fecha` datetime NOT NULL DEFAULT current_timestamp(),
  `cantidad` int(11) NOT NULL,
  `estado` tinyint(4) NOT NULL DEFAULT 1
) ENGINE=InnoDB DEFAULT CHARSET=utf8mb4 COLLATE=utf8mb4_swedish_ci;

--
-- Dumping data for table `inventariofisico`
--

INSERT INTO `inventariofisico` (`idinventario`, `productoid`, `fecha`, `cantidad`, `estado`) VALUES
(1, 1, '2023-11-27 14:41:53', 93, 1),
(2, 2, '2023-01-01 00:00:00', 10, 1),
(5, 4, '2023-11-27 16:33:18', 14, 1);

-- --------------------------------------------------------

--
-- Table structure for table `kardex`
--

CREATE TABLE `kardex` (
  `idkardex` bigint(20) NOT NULL,
  `productoid` bigint(20) NOT NULL,
  `fecha` datetime NOT NULL DEFAULT current_timestamp(),
  `tipomovimientoid` bigint(20) NOT NULL,
  `ingreso` int(11) NOT NULL,
  `salida` int(11) NOT NULL,
  `saldo` int(11) NOT NULL
) ENGINE=InnoDB DEFAULT CHARSET=utf8mb4 COLLATE=utf8mb4_swedish_ci;

--
-- Dumping data for table `kardex`
--

INSERT INTO `kardex` (`idkardex`, `productoid`, `fecha`, `tipomovimientoid`, `ingreso`, `salida`, `saldo`) VALUES
(1, 1, '2023-12-09 12:37:44', 1, 120, 0, 120),
(2, 1, '2023-12-09 12:37:44', 1, 144, 0, 264),
(3, 3, '2023-12-09 12:37:44', 1, 148, 0, 148),
(4, 1, '2023-12-09 12:37:44', 1, 97, 0, 361),
(5, 3, '2023-12-09 12:37:44', 1, 156, 0, 304),
(6, 3, '2023-12-09 12:37:44', 1, 151, 0, 455),
(7, 3, '2023-12-09 12:37:44', 1, 112, 0, 567),
(8, 2, '2023-12-09 12:37:44', 1, 164, 0, 164),
(9, 1, '2023-12-09 12:37:44', 1, 175, 0, 536),
(10, 3, '2023-12-09 12:37:44', 1, 167, 0, 734),
(11, 2, '2023-12-09 12:37:44', 1, 90, 0, 254),
(12, 3, '2023-12-09 12:37:44', 1, 137, 0, 871),
(13, 2, '2023-12-09 12:37:44', 1, 126, 0, 380),
(14, 3, '2023-12-09 12:37:44', 1, 128, 0, 999),
(15, 1, '2023-12-09 12:37:44', 1, 150, 0, 686),
(16, 2, '2023-12-09 12:37:44', 1, 99, 0, 479),
(17, 3, '2023-12-09 12:37:44', 1, 147, 0, 1146),
(18, 1, '2023-12-09 12:37:44', 1, 151, 0, 837),
(19, 3, '2023-12-09 12:37:44', 1, 121, 0, 1267),
(20, 1, '2023-12-09 12:37:44', 1, 91, 0, 928),
(21, 3, '2023-12-09 12:37:44', 1, 105, 0, 1372),
(22, 3, '2023-12-09 12:37:44', 1, 97, 0, 1469),
(23, 3, '2023-12-09 12:37:44', 1, 130, 0, 1599),
(24, 1, '2023-12-09 12:37:44', 1, 153, 0, 1081),
(25, 2, '2023-12-09 12:37:44', 1, 131, 0, 610),
(26, 2, '2023-12-09 12:37:44', 1, 158, 0, 768),
(27, 3, '2023-12-09 12:37:44', 1, 108, 0, 1707),
(28, 1, '2023-12-09 12:37:44', 1, 141, 0, 1222),
(29, 3, '2023-12-09 12:37:44', 1, 170, 0, 1877),
(30, 3, '2023-12-09 12:37:44', 1, 126, 0, 2003),
(31, 2, '2023-12-09 12:37:44', 1, 146, 0, 914),
(32, 2, '2023-12-09 12:37:44', 1, 162, 0, 1076),
(33, 3, '2023-12-09 12:37:44', 1, 131, 0, 2134),
(34, 3, '2023-12-09 12:37:44', 1, 180, 0, 2314),
(35, 3, '2023-12-09 12:37:44', 1, 133, 0, 2447),
(36, 2, '2023-12-09 12:37:44', 1, 147, 0, 1223),
(37, 3, '2023-12-09 12:37:44', 1, 138, 0, 2585),
(38, 1, '2023-12-09 12:37:44', 1, 106, 0, 1328),
(39, 1, '2023-12-09 12:37:44', 1, 92, 0, 1420),
(40, 2, '2023-12-09 12:37:44', 1, 142, 0, 1365),
(41, 1, '2023-12-09 12:37:44', 1, 126, 0, 1546),
(42, 1, '2023-12-09 12:37:44', 1, 153, 0, 1699),
(43, 1, '2023-12-09 12:37:44', 1, 146, 0, 1845),
(44, 3, '2023-12-09 12:37:44', 1, 174, 0, 2759),
(45, 1, '2023-12-09 12:37:44', 1, 128, 0, 1973),
(46, 1, '2023-12-09 12:37:44', 1, 103, 0, 2076),
(47, 1, '2023-12-09 12:37:44', 1, 150, 0, 2226),
(48, 1, '2023-12-09 12:37:44', 1, 117, 0, 2343),
(49, 1, '2023-12-09 12:37:44', 1, 144, 0, 2487),
(50, 3, '2023-12-09 12:37:44', 1, 167, 0, 2926),
(51, 1, '2023-12-09 12:37:44', 1, 123, 0, 2610),
(52, 1, '2023-12-09 12:37:44', 1, 144, 0, 2754),
(53, 1, '2023-12-09 12:37:44', 1, 133, 0, 2887),
(54, 1, '2023-12-09 12:37:44', 1, 171, 0, 3058),
(55, 1, '2023-12-09 12:37:44', 1, 130, 0, 3188),
(56, 2, '2023-12-09 12:37:44', 1, 122, 0, 1487),
(57, 3, '2023-12-09 12:37:44', 1, 124, 0, 3050),
(58, 1, '2023-12-09 12:37:45', 1, 176, 0, 3364),
(59, 1, '2023-12-09 12:37:45', 1, 94, 0, 3458),
(60, 3, '2023-12-09 12:37:45', 1, 118, 0, 3168),
(61, 1, '2023-12-09 12:37:45', 1, 115, 0, 3573),
(62, 3, '2023-12-09 12:37:45', 1, 167, 0, 3335),
(63, 3, '2023-12-09 12:37:45', 1, 180, 0, 3515),
(64, 1, '2023-12-09 12:37:45', 1, 102, 0, 3675),
(65, 1, '2023-12-09 12:37:45', 1, 114, 0, 3789),
(66, 3, '2023-12-09 12:37:45', 1, 154, 0, 3669),
(67, 1, '2023-12-09 12:37:45', 1, 167, 0, 3956),
(68, 2, '2023-12-09 12:37:45', 1, 145, 0, 1632),
(69, 1, '2023-12-09 12:37:45', 1, 146, 0, 4102),
(70, 1, '2023-12-09 12:37:45', 1, 144, 0, 4246),
(71, 3, '2023-12-09 12:37:45', 1, 106, 0, 3775),
(72, 3, '2023-12-09 12:37:45', 1, 110, 0, 3885),
(73, 2, '2023-12-09 12:37:45', 1, 174, 0, 1806),
(74, 1, '2023-12-09 12:37:45', 1, 131, 0, 4377),
(75, 1, '2023-12-09 12:37:45', 1, 119, 0, 4496),
(76, 3, '2023-12-09 12:37:45', 1, 168, 0, 4053),
(77, 1, '2023-12-09 12:37:45', 1, 174, 0, 4670),
(78, 3, '2023-12-09 12:37:45', 1, 137, 0, 4190),
(79, 2, '2023-12-09 12:37:45', 1, 104, 0, 1910),
(80, 3, '2023-12-09 12:37:45', 1, 163, 0, 4353),
(81, 1, '2023-12-09 12:37:45', 1, 94, 0, 4764),
(82, 2, '2023-12-09 12:37:45', 1, 125, 0, 2035),
(83, 1, '2023-12-09 12:37:45', 1, 119, 0, 4883),
(84, 1, '2023-12-09 12:37:45', 1, 136, 0, 5019),
(85, 3, '2023-12-09 12:37:45', 1, 114, 0, 4467),
(86, 3, '2023-12-09 12:37:45', 1, 132, 0, 4599),
(87, 3, '2023-12-09 12:37:45', 1, 135, 0, 4734),
(88, 2, '2023-12-09 12:37:45', 1, 174, 0, 2209),
(89, 2, '2023-12-09 12:37:45', 1, 165, 0, 2374),
(90, 2, '2023-12-09 12:37:45', 1, 164, 0, 2538),
(91, 2, '2023-12-09 12:37:45', 1, 160, 0, 2698),
(92, 2, '2023-12-09 12:37:45', 1, 118, 0, 2816),
(93, 1, '2023-12-09 12:37:45', 1, 137, 0, 5156),
(94, 1, '2023-12-09 12:37:45', 1, 154, 0, 5310),
(95, 3, '2023-12-09 12:37:45', 1, 155, 0, 4889),
(96, 1, '2023-12-09 12:37:45', 1, 109, 0, 5419),
(97, 1, '2023-12-09 12:37:45', 1, 101, 0, 5520),
(98, 1, '2023-12-09 12:37:45', 1, 105, 0, 5625),
(99, 1, '2023-12-09 12:37:45', 1, 128, 0, 5753),
(100, 1, '2023-12-09 12:37:45', 1, 95, 0, 5848),
(101, 3, '2023-12-09 12:37:45', 1, 170, 0, 5059),
(102, 1, '2023-12-09 12:37:45', 1, 144, 0, 5992),
(103, 3, '2023-12-09 12:37:45', 1, 148, 0, 5207),
(104, 1, '2023-12-09 12:37:45', 1, 167, 0, 6159),
(105, 1, '2023-12-09 12:37:45', 1, 91, 0, 6250),
(106, 3, '2023-12-09 12:37:45', 1, 115, 0, 5322),
(107, 1, '2023-12-09 12:37:45', 1, 140, 0, 6390),
(108, 3, '2023-12-09 12:37:45', 1, 111, 0, 5433),
(109, 3, '2023-12-09 12:37:45', 1, 156, 0, 5589),
(110, 1, '2023-12-09 12:37:45', 1, 149, 0, 6539),
(111, 2, '2023-12-09 12:37:45', 1, 161, 0, 2977),
(112, 2, '2023-12-09 12:37:45', 1, 169, 0, 3146),
(113, 1, '2023-12-09 12:37:45', 1, 117, 0, 6656),
(114, 2, '2023-12-09 12:37:45', 1, 96, 0, 3242),
(115, 1, '2023-12-09 12:37:45', 1, 156, 0, 6812),
(116, 1, '2023-12-09 12:37:45', 1, 157, 0, 6969),
(117, 2, '2023-12-09 12:37:45', 1, 153, 0, 3395),
(118, 2, '2023-12-09 12:37:45', 1, 94, 0, 3489),
(119, 2, '2023-12-09 12:37:45', 1, 126, 0, 3615),
(120, 1, '2023-12-09 12:37:45', 1, 157, 0, 7126),
(121, 2, '2023-12-09 12:37:45', 1, 157, 0, 3772),
(122, 3, '2023-12-09 12:37:45', 1, 105, 0, 5694),
(123, 2, '2023-12-09 12:37:45', 1, 111, 0, 3883),
(124, 3, '2023-12-09 12:37:45', 1, 138, 0, 5832),
(125, 1, '2023-12-09 12:37:45', 1, 101, 0, 7227),
(126, 1, '2023-12-09 12:37:45', 1, 156, 0, 7383),
(127, 2, '2023-12-09 12:37:45', 1, 128, 0, 4011),
(128, 1, '2023-12-09 12:37:45', 1, 136, 0, 7519),
(129, 1, '2023-12-09 12:37:45', 1, 160, 0, 7679),
(130, 1, '2023-12-09 12:37:45', 1, 179, 0, 7858),
(131, 1, '2023-12-09 12:37:45', 1, 100, 0, 7958),
(132, 2, '2023-12-09 12:37:45', 1, 156, 0, 4167),
(133, 2, '2023-12-09 12:37:45', 1, 98, 0, 4265),
(134, 1, '2023-12-09 12:37:45', 1, 159, 0, 8117),
(135, 1, '2023-12-09 12:37:45', 1, 147, 0, 8264),
(136, 2, '2023-12-09 12:37:45', 1, 137, 0, 4402),
(137, 2, '2023-12-09 12:37:45', 1, 157, 0, 4559),
(138, 3, '2023-12-09 12:37:45', 1, 144, 0, 5976),
(139, 2, '2023-12-09 12:37:45', 1, 145, 0, 4704),
(140, 3, '2023-12-09 12:37:45', 1, 128, 0, 6104),
(141, 2, '2023-12-09 12:37:45', 1, 167, 0, 4871),
(142, 2, '2023-12-09 12:37:45', 1, 137, 0, 5008),
(143, 1, '2023-12-09 12:37:45', 1, 134, 0, 8398),
(144, 3, '2023-12-09 12:37:45', 1, 168, 0, 6272),
(145, 3, '2023-12-09 12:37:45', 1, 93, 0, 6365),
(146, 1, '2023-12-09 12:37:45', 1, 103, 0, 8501),
(147, 2, '2023-12-09 12:37:45', 1, 173, 0, 5181),
(148, 2, '2023-12-09 12:37:45', 1, 164, 0, 5345),
(149, 3, '2023-12-09 12:37:45', 1, 145, 0, 6510),
(150, 1, '2023-12-09 12:37:45', 1, 175, 0, 8676),
(151, 3, '2023-12-09 12:37:45', 1, 143, 0, 6653),
(152, 1, '2023-12-09 12:37:45', 1, 139, 0, 8815),
(153, 2, '2023-12-09 12:37:45', 1, 104, 0, 5449),
(154, 1, '2023-12-09 12:37:45', 1, 144, 0, 8959),
(155, 1, '2023-12-09 12:37:45', 1, 102, 0, 9061),
(156, 1, '2023-12-09 12:37:45', 1, 179, 0, 9240),
(157, 3, '2023-12-09 12:37:45', 1, 103, 0, 6756),
(158, 2, '2023-12-09 12:37:45', 1, 151, 0, 5600),
(159, 2, '2023-12-09 12:37:45', 1, 104, 0, 5704),
(160, 1, '2023-12-09 12:37:45', 1, 137, 0, 9377),
(161, 2, '2023-12-09 12:37:45', 1, 145, 0, 5849),
(162, 1, '2023-12-09 12:37:45', 1, 173, 0, 9550),
(163, 3, '2023-12-09 12:37:45', 1, 159, 0, 6915),
(164, 3, '2023-12-09 12:37:45', 1, 149, 0, 7064),
(165, 1, '2023-12-09 12:37:45', 1, 124, 0, 9674),
(166, 3, '2023-12-09 12:37:45', 1, 118, 0, 7182),
(167, 1, '2023-12-09 12:37:45', 1, 179, 0, 9853),
(168, 3, '2023-12-09 12:37:45', 1, 122, 0, 7304),
(169, 3, '2023-12-09 12:37:45', 1, 120, 0, 7424),
(170, 1, '2023-12-09 12:37:45', 1, 98, 0, 9951),
(171, 2, '2023-12-09 12:37:45', 1, 118, 0, 5967),
(172, 3, '2023-12-09 12:37:45', 1, 93, 0, 7517),
(173, 3, '2023-12-09 12:37:45', 1, 133, 0, 7650),
(174, 2, '2023-12-09 12:37:45', 1, 158, 0, 6125),
(175, 1, '2023-12-09 12:37:45', 1, 178, 0, 10129),
(176, 1, '2023-12-09 12:37:45', 1, 139, 0, 10268),
(177, 1, '2023-12-09 12:37:45', 1, 111, 0, 10379),
(178, 3, '2023-12-09 12:37:45', 1, 170, 0, 7820),
(179, 1, '2023-12-09 12:37:45', 1, 142, 0, 10521),
(180, 3, '2023-12-09 12:37:45', 1, 155, 0, 7975),
(181, 1, '2023-12-09 12:37:45', 1, 178, 0, 10699),
(182, 2, '2023-12-09 12:37:46', 1, 123, 0, 6248),
(183, 2, '2023-12-09 12:37:46', 1, 90, 0, 6338),
(184, 2, '2023-12-09 12:37:46', 1, 101, 0, 6439),
(185, 1, '2023-12-09 12:37:46', 1, 94, 0, 10793),
(186, 1, '2023-12-09 12:37:46', 1, 155, 0, 10948),
(187, 2, '2023-12-09 12:37:46', 1, 103, 0, 6542),
(188, 2, '2023-12-09 12:37:46', 1, 128, 0, 6670),
(189, 3, '2023-12-09 12:37:46', 1, 172, 0, 8147),
(190, 3, '2023-12-09 12:37:46', 1, 92, 0, 8239),
(191, 1, '2023-12-09 12:37:46', 1, 174, 0, 11122),
(192, 2, '2023-12-09 12:37:46', 1, 99, 0, 6769),
(193, 2, '2023-12-09 12:37:46', 1, 165, 0, 6934),
(194, 3, '2023-12-09 12:37:46', 1, 141, 0, 8380),
(195, 3, '2023-12-09 12:37:46', 1, 130, 0, 8510),
(196, 2, '2023-12-09 12:37:46', 1, 98, 0, 7032),
(197, 3, '2023-12-09 12:37:46', 1, 148, 0, 8658),
(198, 1, '2023-12-09 12:37:46', 1, 133, 0, 11255),
(199, 2, '2023-12-09 12:37:46', 1, 174, 0, 7206),
(200, 2, '2023-12-09 12:37:46', 1, 141, 0, 7347),
(201, 2, '2023-12-09 12:37:46', 1, 124, 0, 7471),
(202, 2, '2023-12-09 12:37:46', 1, 122, 0, 7593),
(203, 1, '2023-12-09 12:37:46', 1, 114, 0, 11369),
(204, 3, '2023-12-09 12:37:46', 1, 110, 0, 8768),
(205, 2, '2023-12-09 12:37:46', 1, 108, 0, 7701),
(206, 1, '2023-12-09 12:37:46', 1, 175, 0, 11544),
(207, 3, '2023-12-09 12:37:46', 1, 152, 0, 8920),
(208, 3, '2023-12-09 12:37:46', 1, 106, 0, 9026),
(209, 3, '2023-12-09 12:37:46', 1, 102, 0, 9128),
(210, 1, '2023-12-09 12:37:46', 1, 121, 0, 11665),
(211, 2, '2023-12-09 12:37:46', 1, 155, 0, 7856),
(212, 2, '2023-12-09 12:37:46', 1, 104, 0, 7960),
(213, 3, '2023-12-09 12:37:46', 1, 108, 0, 9236),
(214, 3, '2023-12-09 12:37:46', 1, 90, 0, 9326),
(215, 1, '2023-12-09 12:37:46', 1, 139, 0, 11804),
(216, 2, '2023-12-09 12:37:46', 1, 147, 0, 8107),
(217, 3, '2023-12-09 12:37:46', 1, 149, 0, 9475),
(218, 2, '2023-12-09 12:37:46', 1, 156, 0, 8263),
(219, 3, '2023-12-09 12:37:46', 1, 165, 0, 9640),
(220, 3, '2023-12-09 12:37:46', 1, 162, 0, 9802),
(221, 2, '2023-12-09 12:37:46', 1, 131, 0, 8394),
(222, 1, '2023-12-09 12:37:46', 1, 162, 0, 11966),
(223, 1, '2023-12-09 12:37:46', 1, 113, 0, 12079),
(224, 2, '2023-12-09 12:37:46', 1, 133, 0, 8527),
(225, 3, '2023-12-09 12:37:46', 1, 128, 0, 9930),
(226, 1, '2023-12-09 12:37:46', 1, 117, 0, 12196),
(227, 2, '2023-12-09 12:37:46', 1, 175, 0, 8702),
(228, 1, '2023-12-09 12:37:46', 1, 122, 0, 12318),
(229, 1, '2023-12-09 12:37:46', 1, 127, 0, 12445),
(230, 2, '2023-12-09 12:37:46', 1, 157, 0, 8859),
(231, 1, '2023-12-09 12:37:46', 1, 122, 0, 12567),
(232, 2, '2023-12-09 12:37:46', 1, 165, 0, 9024),
(233, 2, '2023-12-09 12:37:46', 1, 105, 0, 9129),
(234, 1, '2023-12-09 12:37:46', 1, 95, 0, 12662),
(235, 1, '2023-12-09 12:37:46', 1, 138, 0, 12800),
(236, 3, '2023-12-09 12:37:46', 1, 95, 0, 10025),
(237, 2, '2023-12-09 12:37:46', 1, 118, 0, 9247),
(238, 3, '2023-12-09 12:37:46', 1, 154, 0, 10179),
(239, 1, '2023-12-09 12:37:46', 1, 101, 0, 12901),
(240, 3, '2023-12-09 12:37:46', 1, 146, 0, 10325),
(241, 1, '2023-12-09 12:37:46', 1, 141, 0, 13042),
(242, 2, '2023-12-09 12:37:46', 1, 91, 0, 9338),
(243, 3, '2023-12-09 12:37:46', 1, 151, 0, 10476),
(244, 2, '2023-12-09 12:37:46', 1, 126, 0, 9464),
(245, 2, '2023-12-09 12:37:46', 1, 172, 0, 9636),
(246, 2, '2023-12-09 12:37:46', 1, 160, 0, 9796),
(247, 3, '2023-12-09 12:37:46', 1, 152, 0, 10628),
(248, 1, '2023-12-09 12:37:46', 1, 159, 0, 13201),
(249, 2, '2023-12-09 12:37:46', 1, 164, 0, 9960),
(250, 3, '2023-12-09 12:37:46', 1, 164, 0, 10792),
(251, 1, '2023-12-09 12:37:46', 1, 167, 0, 13368),
(252, 2, '2023-12-09 12:37:46', 1, 170, 0, 10130),
(253, 1, '2023-12-09 12:37:46', 1, 132, 0, 13500),
(254, 1, '2023-12-09 12:37:46', 1, 169, 0, 13669),
(255, 1, '2023-12-09 12:37:46', 1, 178, 0, 13847),
(256, 1, '2023-12-09 12:37:46', 1, 113, 0, 13960),
(257, 2, '2023-12-09 12:37:46', 1, 114, 0, 10244),
(258, 3, '2023-12-09 12:37:46', 1, 160, 0, 10952),
(259, 1, '2023-12-09 12:37:46', 1, 109, 0, 14069),
(260, 3, '2023-12-09 12:37:46', 1, 90, 0, 11042),
(261, 2, '2023-12-09 12:37:46', 1, 154, 0, 10398),
(262, 1, '2023-12-09 12:37:46', 1, 175, 0, 14244),
(263, 3, '2023-12-09 12:37:46', 1, 141, 0, 11183),
(264, 3, '2023-12-09 12:37:46', 1, 139, 0, 11322),
(265, 3, '2023-12-09 12:37:46', 1, 160, 0, 11482),
(266, 1, '2023-12-09 12:37:46', 1, 101, 0, 14345),
(267, 3, '2023-12-09 12:37:46', 1, 102, 0, 11584),
(268, 3, '2023-12-09 12:37:46', 1, 179, 0, 11763),
(269, 2, '2023-12-09 12:37:46', 1, 174, 0, 10572),
(270, 1, '2023-12-09 12:37:46', 1, 139, 0, 14484),
(271, 3, '2023-12-09 12:37:46', 1, 127, 0, 11890),
(272, 1, '2023-12-09 12:37:46', 1, 146, 0, 14630),
(273, 3, '2023-12-09 12:37:46', 1, 172, 0, 12062),
(274, 3, '2023-12-09 12:37:46', 1, 109, 0, 12171),
(275, 1, '2023-12-09 12:37:46', 1, 169, 0, 14799),
(276, 2, '2023-12-09 12:37:46', 1, 168, 0, 10740),
(277, 2, '2023-12-09 12:37:47', 1, 113, 0, 10853),
(278, 2, '2023-12-09 12:37:47', 1, 117, 0, 10970),
(279, 1, '2023-12-09 12:37:47', 1, 117, 0, 14916),
(280, 1, '2023-12-09 12:37:47', 1, 180, 0, 15096),
(281, 1, '2023-12-09 12:37:47', 1, 149, 0, 15245),
(282, 3, '2023-12-09 12:37:47', 1, 157, 0, 12328),
(283, 1, '2023-12-09 12:37:47', 1, 109, 0, 15354),
(284, 2, '2023-12-09 12:37:47', 1, 160, 0, 11130),
(285, 1, '2023-12-09 12:37:47', 1, 117, 0, 15471),
(286, 1, '2023-12-09 12:37:47', 1, 100, 0, 15571),
(287, 3, '2023-12-09 12:37:47', 1, 148, 0, 12476),
(288, 2, '2023-12-09 12:37:47', 1, 144, 0, 11274),
(289, 2, '2023-12-09 12:37:47', 1, 176, 0, 11450),
(290, 2, '2023-12-09 12:37:47', 1, 90, 0, 11540),
(291, 1, '2023-12-09 12:37:47', 1, 148, 0, 15719),
(292, 3, '2023-12-09 12:37:47', 1, 123, 0, 12599),
(293, 3, '2023-12-09 12:37:47', 1, 99, 0, 12698),
(294, 3, '2023-12-09 12:37:47', 1, 126, 0, 12824),
(295, 2, '2023-12-09 12:37:47', 1, 155, 0, 11695),
(296, 1, '2023-12-09 12:37:47', 1, 179, 0, 15898),
(297, 1, '2023-12-09 12:37:47', 1, 108, 0, 16006),
(298, 2, '2023-12-09 12:37:47', 1, 116, 0, 11811),
(299, 1, '2023-12-09 12:37:47', 1, 125, 0, 16131),
(300, 2, '2023-12-09 12:37:47', 1, 96, 0, 11907),
(301, 2, '2023-12-09 12:37:47', 1, 146, 0, 12053),
(302, 3, '2023-12-09 12:37:47', 1, 102, 0, 12926),
(303, 3, '2023-12-09 12:37:47', 1, 114, 0, 13040),
(304, 1, '2023-12-09 12:37:47', 1, 108, 0, 16239),
(305, 3, '2023-12-09 12:37:47', 1, 134, 0, 13174),
(306, 1, '2023-12-09 12:37:47', 1, 123, 0, 16362),
(307, 1, '2023-12-09 12:37:47', 1, 103, 0, 16465),
(308, 3, '2023-12-09 12:37:47', 1, 96, 0, 13270),
(309, 1, '2023-12-09 12:37:47', 1, 153, 0, 16618),
(310, 2, '2023-12-09 12:37:47', 1, 164, 0, 12217),
(311, 2, '2023-12-09 12:37:47', 1, 99, 0, 12316),
(312, 1, '2023-12-09 12:37:47', 1, 179, 0, 16797),
(313, 3, '2023-12-09 12:37:47', 1, 124, 0, 13394),
(314, 2, '2023-12-09 12:37:47', 1, 113, 0, 12429),
(315, 1, '2023-12-09 12:37:47', 1, 102, 0, 16899),
(316, 3, '2023-12-09 12:37:47', 1, 94, 0, 13488),
(317, 1, '2023-12-09 12:37:47', 1, 161, 0, 17060),
(318, 1, '2023-12-09 12:37:47', 1, 156, 0, 17216),
(319, 1, '2023-12-09 12:37:47', 1, 154, 0, 17370),
(320, 1, '2023-12-09 12:37:47', 1, 157, 0, 17527),
(321, 2, '2023-12-09 12:37:47', 1, 96, 0, 12525),
(322, 3, '2023-12-09 12:37:47', 1, 139, 0, 13627),
(323, 2, '2023-12-09 12:37:47', 1, 90, 0, 12615),
(324, 1, '2023-12-09 12:37:47', 1, 132, 0, 17659),
(325, 1, '2023-12-09 12:37:47', 1, 121, 0, 17780),
(326, 1, '2023-12-09 12:37:47', 1, 90, 0, 17870),
(327, 3, '2023-12-09 12:37:47', 1, 117, 0, 13744),
(328, 2, '2023-12-09 12:37:47', 1, 118, 0, 12733),
(329, 2, '2023-12-09 12:37:47', 1, 99, 0, 12832),
(330, 3, '2023-12-09 12:37:47', 1, 90, 0, 13834),
(331, 2, '2023-12-09 12:37:47', 1, 128, 0, 12960),
(332, 1, '2023-12-09 12:37:47', 1, 141, 0, 18011),
(333, 3, '2023-12-09 12:37:47', 1, 136, 0, 13970),
(334, 1, '2023-12-09 12:37:47', 1, 176, 0, 18187),
(335, 2, '2023-12-09 12:37:47', 1, 127, 0, 13087),
(336, 2, '2023-12-09 12:37:47', 1, 145, 0, 13232),
(337, 1, '2023-12-09 12:37:47', 1, 157, 0, 18344),
(338, 3, '2023-12-09 12:37:47', 1, 179, 0, 14149),
(339, 2, '2023-12-09 12:37:47', 1, 137, 0, 13369),
(340, 1, '2023-12-09 12:37:47', 1, 126, 0, 18470),
(341, 2, '2023-12-09 12:37:47', 1, 168, 0, 13537),
(342, 1, '2023-12-09 12:37:47', 1, 179, 0, 18649),
(343, 3, '2023-12-09 12:37:47', 1, 129, 0, 14278),
(344, 2, '2023-12-09 12:37:47', 1, 102, 0, 13639),
(345, 3, '2023-12-09 12:37:47', 1, 175, 0, 14453),
(346, 1, '2023-12-09 12:37:47', 1, 142, 0, 18791),
(347, 3, '2023-12-09 12:37:47', 1, 167, 0, 14620),
(348, 1, '2023-12-09 12:37:47', 1, 149, 0, 18940),
(349, 1, '2023-12-09 12:37:47', 1, 152, 0, 19092),
(350, 3, '2023-12-09 12:37:47', 1, 121, 0, 14741),
(351, 3, '2023-12-09 12:37:47', 1, 92, 0, 14833),
(352, 2, '2023-12-09 12:37:47', 1, 176, 0, 13815),
(353, 1, '2023-12-09 12:37:47', 1, 157, 0, 19249),
(354, 1, '2023-12-09 12:37:47', 1, 94, 0, 19343),
(355, 3, '2023-12-09 12:37:47', 1, 158, 0, 14991),
(356, 3, '2023-12-09 12:37:47', 1, 103, 0, 15094),
(357, 2, '2023-12-09 12:37:47', 1, 170, 0, 13985),
(358, 3, '2023-12-09 12:37:47', 1, 91, 0, 15185),
(359, 2, '2023-12-09 12:37:47', 1, 137, 0, 14122),
(360, 2, '2023-12-09 12:37:47', 1, 100, 0, 14222),
(361, 1, '2023-12-09 12:37:47', 1, 160, 0, 19503),
(362, 2, '2023-12-09 12:37:47', 1, 134, 0, 14356),
(363, 3, '2023-12-09 12:37:47', 1, 92, 0, 15277),
(364, 2, '2023-12-09 12:37:47', 1, 169, 0, 14525),
(365, 2, '2023-12-09 12:37:47', 1, 170, 0, 14695),
(366, 3, '2023-12-09 12:38:20', 2, 0, 116, 15161),
(367, 3, '2023-12-09 12:38:20', 2, 0, 101, 15060),
(368, 3, '2023-12-09 12:38:20', 2, 0, 92, 14968),
(369, 3, '2023-12-09 12:38:20', 2, 0, 117, 14851),
(370, 1, '2023-12-09 12:38:20', 2, 0, 61, 19442),
(371, 3, '2023-12-09 12:38:20', 2, 0, 109, 14742),
(372, 2, '2023-12-09 12:38:20', 2, 0, 99, 14596),
(373, 2, '2023-12-09 12:38:20', 2, 0, 113, 14483),
(374, 1, '2023-12-09 12:38:20', 2, 0, 120, 19322),
(375, 2, '2023-12-09 12:38:20', 2, 0, 89, 14394),
(376, 3, '2023-12-09 12:38:20', 2, 0, 103, 14639),
(377, 3, '2023-12-09 12:38:20', 2, 0, 79, 14560),
(378, 3, '2023-12-09 12:38:20', 2, 0, 75, 14485),
(379, 3, '2023-12-09 12:38:20', 2, 0, 90, 14395),
(380, 2, '2023-12-09 12:38:20', 2, 0, 115, 14279),
(381, 1, '2023-12-09 12:38:20', 2, 0, 87, 19235),
(382, 1, '2023-12-09 12:38:20', 2, 0, 114, 19121),
(383, 3, '2023-12-09 12:38:20', 2, 0, 71, 14324),
(384, 2, '2023-12-09 12:38:20', 2, 0, 97, 14182),
(385, 2, '2023-12-09 12:38:20', 2, 0, 88, 14094),
(386, 3, '2023-12-09 12:38:20', 2, 0, 65, 14259),
(387, 1, '2023-12-09 12:38:20', 2, 0, 117, 19004),
(388, 3, '2023-12-09 12:38:20', 2, 0, 74, 14185),
(389, 2, '2023-12-09 12:38:20', 2, 0, 80, 14014),
(390, 1, '2023-12-09 12:38:20', 2, 0, 73, 18931),
(391, 1, '2023-12-09 12:38:20', 2, 0, 118, 18813),
(392, 1, '2023-12-09 12:38:20', 2, 0, 109, 18704),
(393, 3, '2023-12-09 12:38:20', 2, 0, 72, 14113),
(394, 1, '2023-12-09 12:38:20', 2, 0, 65, 18639),
(395, 3, '2023-12-09 12:38:20', 2, 0, 99, 14014),
(396, 3, '2023-12-09 12:38:20', 2, 0, 92, 13922),
(397, 1, '2023-12-09 12:38:20', 2, 0, 86, 18553),
(398, 1, '2023-12-09 12:38:20', 2, 0, 63, 18490),
(399, 1, '2023-12-09 12:38:20', 2, 0, 108, 18382),
(400, 1, '2023-12-09 12:38:20', 2, 0, 94, 18288),
(401, 1, '2023-12-09 12:38:20', 2, 0, 86, 18202),
(402, 3, '2023-12-09 12:38:20', 2, 0, 94, 13828),
(403, 3, '2023-12-09 12:38:20', 2, 0, 60, 13768),
(404, 1, '2023-12-09 12:38:20', 2, 0, 86, 18116),
(405, 1, '2023-12-09 12:38:20', 2, 0, 108, 18008),
(406, 1, '2023-12-09 12:38:20', 2, 0, 113, 17895),
(407, 2, '2023-12-09 12:38:20', 2, 0, 103, 13911),
(408, 1, '2023-12-09 12:38:20', 2, 0, 102, 17793),
(409, 2, '2023-12-09 12:38:20', 2, 0, 113, 13798),
(410, 3, '2023-12-09 12:38:20', 2, 0, 118, 13650),
(411, 1, '2023-12-09 12:38:20', 2, 0, 67, 17726),
(412, 3, '2023-12-09 12:38:20', 2, 0, 101, 13549),
(413, 1, '2023-12-09 12:38:20', 2, 0, 61, 17665),
(414, 3, '2023-12-09 12:38:20', 2, 0, 69, 13480),
(415, 3, '2023-12-09 12:38:20', 2, 0, 81, 13399),
(416, 2, '2023-12-09 12:38:20', 2, 0, 108, 13690),
(417, 3, '2023-12-09 12:38:20', 2, 0, 120, 13279),
(418, 2, '2023-12-09 12:38:20', 2, 0, 94, 13596),
(419, 2, '2023-12-09 12:38:20', 2, 0, 76, 13520),
(420, 2, '2023-12-09 12:38:20', 2, 0, 114, 13406),
(421, 2, '2023-12-09 12:38:20', 2, 0, 102, 13304),
(422, 2, '2023-12-09 12:38:20', 2, 0, 67, 13237),
(423, 1, '2023-12-09 12:38:20', 2, 0, 119, 17546),
(424, 2, '2023-12-09 12:38:21', 2, 0, 117, 13120),
(425, 1, '2023-12-09 12:38:21', 2, 0, 116, 17430),
(426, 3, '2023-12-09 12:38:21', 2, 0, 62, 13217),
(427, 1, '2023-12-09 12:38:21', 2, 0, 88, 17342),
(428, 2, '2023-12-09 12:38:21', 2, 0, 88, 13032),
(429, 1, '2023-12-09 12:38:21', 2, 0, 93, 17249),
(430, 2, '2023-12-09 12:38:21', 2, 0, 109, 12923),
(431, 1, '2023-12-09 12:38:21', 2, 0, 79, 17170),
(432, 1, '2023-12-09 12:38:21', 2, 0, 84, 17086),
(433, 1, '2023-12-09 12:38:21', 2, 0, 74, 17012),
(434, 3, '2023-12-09 12:38:21', 2, 0, 90, 13127),
(435, 1, '2023-12-09 12:38:21', 2, 0, 76, 16936),
(436, 2, '2023-12-09 12:38:21', 2, 0, 105, 12818),
(437, 1, '2023-12-09 12:38:21', 2, 0, 64, 16872),
(438, 3, '2023-12-09 12:38:21', 2, 0, 94, 13033),
(439, 3, '2023-12-09 12:38:21', 2, 0, 83, 12950),
(440, 3, '2023-12-09 12:38:21', 2, 0, 114, 12836),
(441, 1, '2023-12-09 12:38:21', 2, 0, 73, 16799),
(442, 3, '2023-12-09 12:38:21', 2, 0, 75, 12761),
(443, 3, '2023-12-09 12:38:21', 2, 0, 106, 12655),
(444, 1, '2023-12-09 12:38:21', 2, 0, 70, 16729),
(445, 1, '2023-12-09 12:38:21', 2, 0, 78, 16651),
(446, 1, '2023-12-09 12:38:21', 2, 0, 106, 16545),
(447, 3, '2023-12-09 12:38:21', 2, 0, 83, 12572),
(448, 3, '2023-12-09 12:38:21', 2, 0, 73, 12499),
(449, 1, '2023-12-09 12:38:21', 2, 0, 73, 16472),
(450, 2, '2023-12-09 12:38:21', 2, 0, 108, 12710),
(451, 2, '2023-12-09 12:38:21', 2, 0, 110, 12600),
(452, 2, '2023-12-09 12:38:21', 2, 0, 82, 12518),
(453, 3, '2023-12-09 12:38:21', 2, 0, 65, 12434),
(454, 2, '2023-12-09 12:38:21', 2, 0, 68, 12450),
(455, 3, '2023-12-09 12:38:21', 2, 0, 79, 12355),
(456, 1, '2023-12-09 12:38:21', 2, 0, 98, 16374),
(457, 2, '2023-12-09 12:38:21', 2, 0, 119, 12331),
(458, 1, '2023-12-09 12:38:21', 2, 0, 60, 16314),
(459, 2, '2023-12-09 12:38:21', 2, 0, 82, 12249),
(460, 3, '2023-12-09 12:38:21', 2, 0, 79, 12276),
(461, 2, '2023-12-09 12:38:21', 2, 0, 81, 12168),
(462, 1, '2023-12-09 12:38:21', 2, 0, 94, 16220),
(463, 3, '2023-12-09 12:38:21', 2, 0, 65, 12211),
(464, 1, '2023-12-09 12:38:21', 2, 0, 117, 16103),
(465, 3, '2023-12-09 12:38:21', 2, 0, 60, 12151),
(466, 2, '2023-12-09 12:38:21', 2, 0, 74, 12094),
(467, 2, '2023-12-09 12:38:21', 2, 0, 115, 11979),
(468, 1, '2023-12-09 12:38:21', 2, 0, 93, 16010),
(469, 1, '2023-12-09 12:38:21', 2, 0, 84, 15926),
(470, 1, '2023-12-09 12:38:21', 2, 0, 91, 15835),
(471, 1, '2023-12-09 12:38:21', 2, 0, 120, 15715),
(472, 1, '2023-12-09 12:38:21', 2, 0, 69, 15646),
(473, 2, '2023-12-09 12:38:21', 2, 0, 109, 11870),
(474, 2, '2023-12-09 12:38:21', 2, 0, 113, 11757),
(475, 2, '2023-12-09 12:38:21', 2, 0, 87, 11670),
(476, 3, '2023-12-09 12:38:21', 2, 0, 99, 12052),
(477, 2, '2023-12-09 12:38:21', 2, 0, 117, 11553),
(478, 3, '2023-12-09 12:38:21', 2, 0, 79, 11973),
(479, 2, '2023-12-09 12:38:21', 2, 0, 114, 11439),
(480, 1, '2023-12-09 12:38:21', 2, 0, 86, 15560),
(481, 1, '2023-12-09 12:38:21', 2, 0, 103, 15457),
(482, 1, '2023-12-09 12:38:21', 2, 0, 115, 15342),
(483, 2, '2023-12-09 12:38:21', 2, 0, 64, 11375),
(484, 3, '2023-12-09 12:38:21', 2, 0, 105, 11868),
(485, 3, '2023-12-09 12:38:21', 2, 0, 86, 11782),
(486, 1, '2023-12-09 12:38:21', 2, 0, 90, 15252),
(487, 3, '2023-12-09 12:38:21', 2, 0, 111, 11671),
(488, 2, '2023-12-09 12:38:21', 2, 0, 65, 11310),
(489, 3, '2023-12-09 12:38:21', 2, 0, 85, 11586),
(490, 3, '2023-12-09 12:38:21', 2, 0, 65, 11521),
(491, 3, '2023-12-09 12:38:21', 2, 0, 105, 11416),
(492, 2, '2023-12-09 12:38:21', 2, 0, 61, 11249),
(493, 2, '2023-12-09 12:38:21', 2, 0, 82, 11167),
(494, 3, '2023-12-09 12:38:21', 2, 0, 108, 11308),
(495, 3, '2023-12-09 12:38:21', 2, 0, 67, 11241),
(496, 2, '2023-12-09 12:38:21', 2, 0, 86, 11081),
(497, 3, '2023-12-09 12:38:21', 2, 0, 100, 11141),
(498, 2, '2023-12-09 12:38:21', 2, 0, 72, 11009),
(499, 1, '2023-12-09 12:38:21', 2, 0, 60, 15192),
(500, 3, '2023-12-09 12:38:21', 2, 0, 89, 11052),
(501, 3, '2023-12-09 12:38:21', 2, 0, 113, 10939),
(502, 1, '2023-12-09 12:38:21', 2, 0, 66, 15126),
(503, 2, '2023-12-09 12:38:21', 2, 0, 66, 10943),
(504, 3, '2023-12-09 12:38:21', 2, 0, 103, 10836),
(505, 3, '2023-12-09 12:38:21', 2, 0, 115, 10721),
(506, 2, '2023-12-09 12:38:21', 2, 0, 114, 10829),
(507, 1, '2023-12-09 12:38:21', 2, 0, 109, 15017),
(508, 2, '2023-12-09 12:38:21', 2, 0, 63, 10766),
(509, 1, '2023-12-09 12:38:21', 2, 0, 88, 14929),
(510, 2, '2023-12-09 12:38:21', 2, 0, 99, 10667),
(511, 1, '2023-12-09 12:38:21', 2, 0, 117, 14812),
(512, 3, '2023-12-09 12:38:21', 2, 0, 80, 10641),
(513, 1, '2023-12-09 12:38:21', 2, 0, 119, 14693),
(514, 2, '2023-12-09 12:38:21', 2, 0, 103, 10564),
(515, 2, '2023-12-09 12:38:21', 2, 0, 101, 10463),
(516, 1, '2023-12-09 12:38:21', 2, 0, 64, 14629),
(517, 1, '2023-12-09 12:38:21', 2, 0, 67, 14562),
(518, 1, '2023-12-09 12:38:21', 2, 0, 106, 14456),
(519, 2, '2023-12-09 12:38:21', 2, 0, 65, 10398),
(520, 3, '2023-12-09 12:38:21', 2, 0, 80, 10561),
(521, 3, '2023-12-09 12:38:21', 2, 0, 68, 10493),
(522, 2, '2023-12-09 12:38:21', 2, 0, 82, 10316),
(523, 2, '2023-12-09 12:38:21', 2, 0, 62, 10254),
(524, 2, '2023-12-09 12:38:21', 2, 0, 68, 10186),
(525, 1, '2023-12-09 12:38:21', 2, 0, 65, 14391),
(526, 3, '2023-12-09 12:38:21', 2, 0, 66, 10427),
(527, 2, '2023-12-09 12:38:21', 2, 0, 110, 10076),
(528, 1, '2023-12-09 12:38:21', 2, 0, 76, 14315),
(529, 3, '2023-12-09 12:38:21', 2, 0, 87, 10340),
(530, 1, '2023-12-09 12:38:21', 2, 0, 94, 14221),
(531, 1, '2023-12-09 12:38:21', 2, 0, 80, 14141),
(532, 2, '2023-12-09 12:38:21', 2, 0, 63, 10013),
(533, 1, '2023-12-09 12:38:21', 2, 0, 115, 14026),
(534, 2, '2023-12-09 12:38:21', 2, 0, 116, 9897),
(535, 2, '2023-12-09 12:38:21', 2, 0, 88, 9809),
(536, 1, '2023-12-09 12:38:21', 2, 0, 110, 13916),
(537, 2, '2023-12-09 12:38:21', 2, 0, 108, 9701),
(538, 1, '2023-12-09 12:38:21', 2, 0, 76, 13840),
(539, 1, '2023-12-09 12:38:21', 2, 0, 77, 13763),
(540, 3, '2023-12-09 12:38:21', 2, 0, 111, 10229),
(541, 2, '2023-12-09 12:38:21', 2, 0, 113, 9588),
(542, 2, '2023-12-09 12:38:21', 2, 0, 81, 9507),
(543, 3, '2023-12-09 12:38:21', 2, 0, 115, 10114),
(544, 1, '2023-12-09 12:38:21', 2, 0, 104, 13659),
(545, 2, '2023-12-09 12:38:21', 2, 0, 110, 9397),
(546, 3, '2023-12-09 12:38:21', 2, 0, 116, 9998),
(547, 2, '2023-12-09 12:38:21', 2, 0, 82, 9315),
(548, 1, '2023-12-09 12:38:21', 2, 0, 69, 13590),
(549, 1, '2023-12-09 12:38:21', 2, 0, 107, 13483),
(550, 3, '2023-12-09 12:38:21', 2, 0, 117, 9881),
(551, 3, '2023-12-09 12:38:21', 2, 0, 104, 9777),
(552, 2, '2023-12-09 12:38:21', 2, 0, 119, 9196),
(553, 3, '2023-12-09 12:38:21', 2, 0, 93, 9684),
(554, 2, '2023-12-09 12:38:21', 2, 0, 86, 9110),
(555, 1, '2023-12-09 12:38:21', 2, 0, 94, 13389),
(556, 3, '2023-12-09 12:38:21', 2, 0, 84, 9600),
(557, 2, '2023-12-09 12:38:21', 2, 0, 105, 9005),
(558, 1, '2023-12-09 12:38:21', 2, 0, 63, 13326),
(559, 1, '2023-12-09 12:38:21', 2, 0, 87, 13239),
(560, 1, '2023-12-09 12:38:21', 2, 0, 88, 13151),
(561, 1, '2023-12-09 12:38:21', 2, 0, 101, 13050),
(562, 3, '2023-12-09 12:38:21', 2, 0, 60, 9540),
(563, 3, '2023-12-09 12:38:21', 2, 0, 90, 9450),
(564, 3, '2023-12-09 12:38:21', 2, 0, 60, 9390),
(565, 1, '2023-12-09 12:38:21', 2, 0, 111, 12939),
(566, 1, '2023-12-09 12:38:21', 2, 0, 106, 12833),
(567, 1, '2023-12-09 12:38:21', 2, 0, 80, 12753),
(568, 1, '2023-12-09 12:38:21', 2, 0, 98, 12655),
(569, 2, '2023-12-09 12:38:21', 2, 0, 119, 8886),
(570, 3, '2023-12-09 12:38:21', 2, 0, 115, 9275),
(571, 3, '2023-12-09 12:38:21', 2, 0, 106, 9169),
(572, 3, '2023-12-09 12:38:21', 2, 0, 91, 9078),
(573, 1, '2023-12-09 12:38:21', 2, 0, 112, 12543),
(574, 1, '2023-12-09 12:38:21', 2, 0, 75, 12468),
(575, 1, '2023-12-09 12:38:22', 2, 0, 72, 12396),
(576, 2, '2023-12-09 12:38:22', 2, 0, 79, 8807),
(577, 2, '2023-12-09 12:38:22', 2, 0, 93, 8714),
(578, 2, '2023-12-09 12:38:22', 2, 0, 63, 8651),
(579, 1, '2023-12-09 12:38:22', 2, 0, 115, 12281),
(580, 1, '2023-12-09 12:38:22', 2, 0, 84, 12197),
(581, 1, '2023-12-09 12:38:22', 2, 0, 118, 12079),
(582, 1, '2023-12-09 12:38:22', 2, 0, 105, 11974),
(583, 1, '2023-12-09 12:38:22', 2, 0, 77, 11897),
(584, 2, '2023-12-09 12:38:22', 2, 0, 67, 8584),
(585, 3, '2023-12-09 12:38:22', 2, 0, 105, 8973),
(586, 3, '2023-12-09 12:38:22', 2, 0, 72, 8901),
(587, 1, '2023-12-09 12:38:22', 2, 0, 65, 11832),
(588, 1, '2023-12-09 12:38:22', 2, 0, 120, 11712),
(589, 2, '2023-12-09 12:38:22', 2, 0, 111, 8473),
(590, 2, '2023-12-09 12:38:22', 2, 0, 120, 8353),
(591, 2, '2023-12-09 12:38:22', 2, 0, 76, 8277),
(592, 3, '2023-12-09 12:38:22', 2, 0, 107, 8794),
(593, 3, '2023-12-09 12:38:22', 2, 0, 78, 8716),
(594, 1, '2023-12-09 12:38:22', 2, 0, 82, 11630),
(595, 3, '2023-12-09 12:38:22', 2, 0, 68, 8648),
(596, 3, '2023-12-09 12:38:22', 2, 0, 100, 8548),
(597, 2, '2023-12-09 12:38:22', 2, 0, 77, 8200),
(598, 1, '2023-12-09 12:38:22', 2, 0, 70, 11560),
(599, 1, '2023-12-09 12:38:22', 2, 0, 61, 11499),
(600, 2, '2023-12-09 12:38:22', 2, 0, 114, 8086),
(601, 1, '2023-12-09 12:38:22', 2, 0, 78, 11421),
(602, 1, '2023-12-09 12:38:22', 2, 0, 96, 11325),
(603, 3, '2023-12-09 12:38:22', 2, 0, 105, 8443),
(604, 3, '2023-12-09 12:38:22', 2, 0, 90, 8353),
(605, 2, '2023-12-09 12:38:22', 2, 0, 106, 7980),
(606, 1, '2023-12-09 12:38:22', 2, 0, 66, 11259),
(607, 3, '2023-12-09 12:38:22', 2, 0, 109, 8244),
(608, 3, '2023-12-09 12:38:22', 2, 0, 72, 8172),
(609, 1, '2023-12-09 12:38:22', 2, 0, 102, 11157),
(610, 2, '2023-12-09 12:38:22', 2, 0, 66, 7914),
(611, 1, '2023-12-09 12:38:22', 2, 0, 92, 11065),
(612, 3, '2023-12-09 12:38:22', 2, 0, 87, 8085),
(613, 2, '2023-12-09 12:38:22', 2, 0, 79, 7835),
(614, 2, '2023-12-09 12:38:22', 2, 0, 96, 7739),
(615, 1, '2023-12-09 12:38:22', 2, 0, 120, 10945),
(616, 3, '2023-12-09 12:38:22', 2, 0, 86, 7999),
(617, 1, '2023-12-09 12:38:22', 2, 0, 81, 10864),
(618, 3, '2023-12-09 12:38:22', 2, 0, 96, 7903),
(619, 3, '2023-12-09 12:38:22', 2, 0, 82, 7821),
(620, 2, '2023-12-09 12:38:22', 2, 0, 113, 7626),
(621, 1, '2023-12-09 12:38:22', 2, 0, 102, 10762),
(622, 1, '2023-12-09 12:38:22', 2, 0, 81, 10681),
(623, 1, '2023-12-09 12:38:22', 2, 0, 71, 10610),
(624, 1, '2023-12-09 12:38:22', 2, 0, 107, 10503),
(625, 2, '2023-12-09 12:38:22', 2, 0, 113, 7513),
(626, 1, '2023-12-09 12:38:22', 2, 0, 84, 10419),
(627, 3, '2023-12-09 12:38:22', 2, 0, 100, 7721),
(628, 2, '2023-12-09 12:38:22', 2, 0, 100, 7413),
(629, 3, '2023-12-09 12:38:22', 2, 0, 94, 7627),
(630, 2, '2023-12-09 12:38:22', 2, 0, 77, 7336),
(631, 2, '2023-12-09 12:38:22', 2, 0, 98, 7238),
(632, 1, '2023-12-09 12:38:22', 2, 0, 89, 10330),
(633, 2, '2023-12-09 12:38:22', 2, 0, 99, 7139),
(634, 3, '2023-12-09 12:38:22', 2, 0, 100, 7527),
(635, 2, '2023-12-09 12:38:22', 2, 0, 116, 7023),
(636, 2, '2023-12-09 12:38:22', 2, 0, 67, 6956),
(637, 1, '2023-12-09 12:38:22', 2, 0, 71, 10259),
(638, 2, '2023-12-09 12:38:22', 2, 0, 96, 6860),
(639, 1, '2023-12-09 12:38:22', 2, 0, 75, 10184),
(640, 3, '2023-12-09 12:38:22', 2, 0, 104, 7423),
(641, 1, '2023-12-09 12:38:22', 2, 0, 62, 10122),
(642, 3, '2023-12-09 12:38:22', 2, 0, 82, 7341),
(643, 1, '2023-12-09 12:38:22', 2, 0, 109, 10013),
(644, 2, '2023-12-09 12:38:22', 2, 0, 120, 6740),
(645, 1, '2023-12-09 12:38:22', 2, 0, 63, 9950),
(646, 2, '2023-12-09 12:38:22', 2, 0, 94, 6646),
(647, 3, '2023-12-09 12:38:22', 2, 0, 113, 7228),
(648, 1, '2023-12-09 12:38:22', 2, 0, 99, 9851),
(649, 3, '2023-12-09 12:38:22', 2, 0, 63, 7165),
(650, 1, '2023-12-09 12:38:22', 2, 0, 70, 9781),
(651, 2, '2023-12-09 12:38:22', 2, 0, 84, 6562),
(652, 2, '2023-12-09 12:38:22', 2, 0, 76, 6486),
(653, 1, '2023-12-09 12:38:22', 2, 0, 90, 9691),
(654, 2, '2023-12-09 12:38:22', 2, 0, 74, 6412),
(655, 1, '2023-12-09 12:38:22', 2, 0, 107, 9584),
(656, 2, '2023-12-09 12:38:22', 2, 0, 83, 6329),
(657, 2, '2023-12-09 12:38:22', 2, 0, 89, 6240),
(658, 3, '2023-12-09 12:38:22', 2, 0, 118, 7047),
(659, 2, '2023-12-09 12:38:22', 2, 0, 111, 6129),
(660, 3, '2023-12-09 12:38:22', 2, 0, 62, 6985),
(661, 2, '2023-12-09 12:38:22', 2, 0, 120, 6009),
(662, 3, '2023-12-09 12:38:22', 2, 0, 84, 6901),
(663, 3, '2023-12-09 12:38:22', 2, 0, 78, 6823),
(664, 1, '2023-12-09 12:38:22', 2, 0, 80, 9504),
(665, 2, '2023-12-09 12:38:22', 2, 0, 67, 5942),
(666, 2, '2023-12-09 12:38:22', 2, 0, 83, 5859),
(667, 2, '2023-12-09 12:38:22', 2, 0, 65, 5794),
(668, 1, '2023-12-09 12:38:22', 2, 0, 69, 9435),
(669, 2, '2023-12-09 12:38:22', 2, 0, 117, 5677),
(670, 2, '2023-12-09 12:38:22', 2, 0, 117, 5560),
(671, 2, '2023-12-09 12:38:22', 2, 0, 105, 5455),
(672, 2, '2023-12-09 12:38:22', 2, 0, 69, 5386),
(673, 1, '2023-12-09 12:38:22', 2, 0, 88, 9347),
(674, 1, '2023-12-09 12:38:22', 2, 0, 116, 9231),
(675, 1, '2023-12-09 12:38:22', 2, 0, 75, 9156),
(676, 1, '2023-12-09 12:38:22', 2, 0, 91, 9065),
(677, 1, '2023-12-09 12:38:22', 2, 0, 90, 8975),
(678, 2, '2023-12-09 12:38:22', 2, 0, 119, 5267),
(679, 1, '2023-12-09 12:38:22', 2, 0, 117, 8858),
(680, 3, '2023-12-09 12:38:22', 2, 0, 104, 6719),
(681, 3, '2023-12-09 12:38:22', 2, 0, 100, 6619),
(682, 1, '2023-12-09 12:38:22', 2, 0, 98, 8760),
(683, 3, '2023-12-09 12:38:22', 2, 0, 87, 6532),
(684, 1, '2023-12-09 12:38:22', 2, 0, 78, 8682),
(685, 1, '2023-12-09 12:38:22', 2, 0, 73, 8609),
(686, 2, '2023-12-09 12:38:22', 2, 0, 64, 5203),
(687, 1, '2023-12-09 12:38:22', 2, 0, 118, 8491),
(688, 1, '2023-12-09 12:38:22', 2, 0, 70, 8421),
(689, 1, '2023-12-09 12:38:22', 2, 0, 98, 8323),
(690, 3, '2023-12-09 12:38:22', 2, 0, 106, 6426),
(691, 2, '2023-12-09 12:38:22', 2, 0, 120, 5083),
(692, 2, '2023-12-09 12:38:22', 2, 0, 120, 4963),
(693, 2, '2023-12-09 12:38:22', 2, 0, 103, 4860),
(694, 2, '2023-12-09 12:38:22', 2, 0, 94, 4766),
(695, 2, '2023-12-09 12:38:23', 2, 0, 83, 4683),
(696, 1, '2023-12-09 12:38:23', 2, 0, 99, 8224),
(697, 3, '2023-12-09 12:38:23', 2, 0, 82, 6344),
(698, 2, '2023-12-09 12:38:23', 2, 0, 70, 4613),
(699, 1, '2023-12-09 12:38:23', 2, 0, 61, 8163),
(700, 2, '2023-12-09 12:38:23', 2, 0, 101, 4512),
(701, 1, '2023-12-09 12:38:23', 2, 0, 80, 8083),
(702, 1, '2023-12-09 12:38:23', 2, 0, 115, 7968),
(703, 1, '2023-12-09 12:38:23', 2, 0, 61, 7907),
(704, 1, '2023-12-09 12:38:23', 2, 0, 79, 7828),
(705, 2, '2023-12-09 12:38:23', 2, 0, 91, 4421),
(706, 3, '2023-12-09 12:38:23', 2, 0, 95, 6249),
(707, 2, '2023-12-09 12:38:23', 2, 0, 95, 4326),
(708, 3, '2023-12-09 12:38:23', 2, 0, 64, 6185),
(709, 3, '2023-12-09 12:38:23', 2, 0, 116, 6069),
(710, 1, '2023-12-09 12:38:23', 2, 0, 99, 7729),
(711, 3, '2023-12-09 12:38:23', 2, 0, 114, 5955),
(712, 3, '2023-12-09 12:38:23', 2, 0, 104, 5851),
(713, 2, '2023-12-09 12:38:23', 2, 0, 118, 4208),
(714, 3, '2023-12-09 12:38:23', 2, 0, 116, 5735),
(715, 3, '2023-12-09 12:38:23', 2, 0, 102, 5633),
(716, 1, '2023-12-09 12:38:23', 2, 0, 97, 7632),
(717, 3, '2023-12-09 12:38:23', 2, 0, 105, 5528),
(718, 3, '2023-12-09 12:38:23', 2, 0, 110, 5418),
(719, 3, '2023-12-09 12:38:23', 2, 0, 96, 5322),
(720, 3, '2023-12-09 12:38:23', 2, 0, 82, 5240),
(721, 1, '2023-12-09 12:38:23', 2, 0, 110, 7522),
(722, 2, '2023-12-09 12:38:23', 2, 0, 105, 4103),
(723, 1, '2023-12-09 12:38:23', 2, 0, 85, 7437),
(724, 2, '2023-12-09 12:38:23', 2, 0, 62, 4041),
(725, 3, '2023-12-09 12:38:23', 2, 0, 93, 5147),
(726, 1, '2023-12-09 12:38:23', 2, 0, 69, 7368),
(727, 2, '2023-12-09 12:38:23', 2, 0, 84, 3957),
(728, 3, '2023-12-09 12:38:23', 2, 0, 108, 5039),
(729, 1, '2023-12-09 12:38:23', 2, 0, 101, 7267),
(730, 2, '2023-12-09 12:38:23', 2, 0, 116, 3841),
(731, 1, '2023-12-09 12:55:05', 2, 0, 500, 6767);

-- --------------------------------------------------------

--
-- Table structure for table `media`
--

CREATE TABLE `media` (
  `idmed` int(11) NOT NULL,
  `nom_med` varchar(100) NOT NULL,
  `des_med` varchar(150) NOT NULL,
  `tipo_med` varchar(100) NOT NULL,
  `con_med` tinyint(4) NOT NULL
) ENGINE=InnoDB DEFAULT CHARSET=utf8 COLLATE=utf8_general_ci;

--
-- Dumping data for table `media`
--

INSERT INTO `media` (`idmed`, `nom_med`, `des_med`, `tipo_med`, `con_med`) VALUES
(3, '1698533625.png', 'Imagen 3', 'image/png', 1),
(4, '1698534088.png', 'Captura de Pantalla 2021-08-21 a la(s) 01.09 2.png', 'image/png', 1),
(5, '1698534156.jpeg', 'jdkinnovatec-peru.jpeg', 'image/jpeg', 1),
(6, '1698534680.png', 'devicon_php.png', 'image/png', 1),
(7, '1698534709.png', 'image 2.png', 'image/png', 1),
(8, '1698624356.png', 'image 1.png', 'image/png', 1);

-- --------------------------------------------------------

--
-- Table structure for table `movimiento`
--

CREATE TABLE `movimiento` (
  `idmov` int(11) NOT NULL,
  `productoid` int(11) NOT NULL,
  `usuarioid` int(11) NOT NULL,
  `tipomovimientoid` bigint(20) NOT NULL,
  `cantidad` int(11) NOT NULL,
  `precio` decimal(11,2) NOT NULL,
  `fecha` datetime NOT NULL DEFAULT current_timestamp()
) ENGINE=InnoDB DEFAULT CHARSET=utf8mb4 COLLATE=utf8mb4_swedish_ci;

--
-- Dumping data for table `movimiento`
--

INSERT INTO `movimiento` (`idmov`, `productoid`, `usuarioid`, `tipomovimientoid`, `cantidad`, `precio`, `fecha`) VALUES
(1, 1, 1, 1, 120, '100.00', '2023-01-01 00:00:00'),
(2, 1, 1, 1, 144, '100.00', '2023-01-02 00:00:00'),
(3, 3, 1, 1, 148, '100.00', '2023-01-03 00:00:00'),
(4, 1, 1, 1, 97, '100.00', '2023-01-04 00:00:00'),
(5, 3, 1, 1, 156, '100.00', '2023-01-05 00:00:00'),
(6, 3, 1, 1, 151, '100.00', '2023-01-06 00:00:00'),
(7, 3, 1, 1, 112, '100.00', '2023-01-07 00:00:00'),
(8, 2, 1, 1, 164, '100.00', '2023-01-08 00:00:00'),
(9, 1, 1, 1, 175, '100.00', '2023-01-09 00:00:00'),
(10, 3, 1, 1, 167, '100.00', '2023-01-10 00:00:00'),
(11, 2, 1, 1, 90, '100.00', '2023-01-11 00:00:00'),
(12, 3, 1, 1, 137, '100.00', '2023-01-12 00:00:00'),
(13, 2, 1, 1, 126, '100.00', '2023-01-13 00:00:00'),
(14, 3, 1, 1, 128, '100.00', '2023-01-14 00:00:00'),
(15, 1, 1, 1, 150, '100.00', '2023-01-15 00:00:00'),
(16, 2, 1, 1, 99, '100.00', '2023-01-16 00:00:00'),
(17, 3, 1, 1, 147, '100.00', '2023-01-17 00:00:00'),
(18, 1, 1, 1, 151, '100.00', '2023-01-18 00:00:00'),
(19, 3, 1, 1, 121, '100.00', '2023-01-19 00:00:00'),
(20, 1, 1, 1, 91, '100.00', '2023-01-20 00:00:00'),
(21, 3, 1, 1, 105, '100.00', '2023-01-21 00:00:00'),
(22, 3, 1, 1, 97, '100.00', '2023-01-22 00:00:00'),
(23, 3, 1, 1, 130, '100.00', '2023-01-23 00:00:00'),
(24, 1, 1, 1, 153, '100.00', '2023-01-24 00:00:00'),
(25, 2, 1, 1, 131, '100.00', '2023-01-25 00:00:00'),
(26, 2, 1, 1, 158, '100.00', '2023-01-26 00:00:00'),
(27, 3, 1, 1, 108, '100.00', '2023-01-27 00:00:00'),
(28, 1, 1, 1, 141, '100.00', '2023-01-28 00:00:00'),
(29, 3, 1, 1, 170, '100.00', '2023-01-29 00:00:00'),
(30, 3, 1, 1, 126, '100.00', '2023-01-30 00:00:00'),
(31, 2, 1, 1, 146, '100.00', '2023-01-31 00:00:00'),
(32, 2, 1, 1, 162, '100.00', '2023-02-01 00:00:00'),
(33, 3, 1, 1, 131, '100.00', '2023-02-02 00:00:00'),
(34, 3, 1, 1, 180, '100.00', '2023-02-03 00:00:00'),
(35, 3, 1, 1, 133, '100.00', '2023-02-04 00:00:00'),
(36, 2, 1, 1, 147, '100.00', '2023-02-05 00:00:00'),
(37, 3, 1, 1, 138, '100.00', '2023-02-06 00:00:00'),
(38, 1, 1, 1, 106, '100.00', '2023-02-07 00:00:00'),
(39, 1, 1, 1, 92, '100.00', '2023-02-08 00:00:00'),
(40, 2, 1, 1, 142, '100.00', '2023-02-09 00:00:00'),
(41, 1, 1, 1, 126, '100.00', '2023-02-10 00:00:00'),
(42, 1, 1, 1, 153, '100.00', '2023-02-11 00:00:00'),
(43, 1, 1, 1, 146, '100.00', '2023-02-12 00:00:00'),
(44, 3, 1, 1, 174, '100.00', '2023-02-13 00:00:00'),
(45, 1, 1, 1, 128, '100.00', '2023-02-14 00:00:00'),
(46, 1, 1, 1, 103, '100.00', '2023-02-15 00:00:00'),
(47, 1, 1, 1, 150, '100.00', '2023-02-16 00:00:00'),
(48, 1, 1, 1, 117, '100.00', '2023-02-17 00:00:00'),
(49, 1, 1, 1, 144, '100.00', '2023-02-18 00:00:00'),
(50, 3, 1, 1, 167, '100.00', '2023-02-19 00:00:00'),
(51, 1, 1, 1, 123, '100.00', '2023-02-20 00:00:00'),
(52, 1, 1, 1, 144, '100.00', '2023-02-21 00:00:00'),
(53, 1, 1, 1, 133, '100.00', '2023-02-22 00:00:00'),
(54, 1, 1, 1, 171, '100.00', '2023-02-23 00:00:00'),
(55, 1, 1, 1, 130, '100.00', '2023-02-24 00:00:00'),
(56, 2, 1, 1, 122, '100.00', '2023-02-25 00:00:00'),
(57, 3, 1, 1, 124, '100.00', '2023-02-26 00:00:00'),
(58, 1, 1, 1, 176, '100.00', '2023-02-27 00:00:00'),
(59, 1, 1, 1, 94, '100.00', '2023-02-28 00:00:00'),
(60, 3, 1, 1, 118, '100.00', '2023-03-01 00:00:00'),
(61, 1, 1, 1, 115, '100.00', '2023-03-02 00:00:00'),
(62, 3, 1, 1, 167, '100.00', '2023-03-03 00:00:00'),
(63, 3, 1, 1, 180, '100.00', '2023-03-04 00:00:00'),
(64, 1, 1, 1, 102, '100.00', '2023-03-05 00:00:00'),
(65, 1, 1, 1, 114, '100.00', '2023-03-06 00:00:00'),
(66, 3, 1, 1, 154, '100.00', '2023-03-07 00:00:00'),
(67, 1, 1, 1, 167, '100.00', '2023-03-08 00:00:00'),
(68, 2, 1, 1, 145, '100.00', '2023-03-09 00:00:00'),
(69, 1, 1, 1, 146, '100.00', '2023-03-10 00:00:00'),
(70, 1, 1, 1, 144, '100.00', '2023-03-11 00:00:00'),
(71, 3, 1, 1, 106, '100.00', '2023-03-12 00:00:00'),
(72, 3, 1, 1, 110, '100.00', '2023-03-13 00:00:00'),
(73, 2, 1, 1, 174, '100.00', '2023-03-14 00:00:00'),
(74, 1, 1, 1, 131, '100.00', '2023-03-15 00:00:00'),
(75, 1, 1, 1, 119, '100.00', '2023-03-16 00:00:00'),
(76, 3, 1, 1, 168, '100.00', '2023-03-17 00:00:00'),
(77, 1, 1, 1, 174, '100.00', '2023-03-18 00:00:00'),
(78, 3, 1, 1, 137, '100.00', '2023-03-19 00:00:00'),
(79, 2, 1, 1, 104, '100.00', '2023-03-20 00:00:00'),
(80, 3, 1, 1, 163, '100.00', '2023-03-21 00:00:00'),
(81, 1, 1, 1, 94, '100.00', '2023-03-22 00:00:00'),
(82, 2, 1, 1, 125, '100.00', '2023-03-23 00:00:00'),
(83, 1, 1, 1, 119, '100.00', '2023-03-24 00:00:00'),
(84, 1, 1, 1, 136, '100.00', '2023-03-25 00:00:00'),
(85, 3, 1, 1, 114, '100.00', '2023-03-26 00:00:00'),
(86, 3, 1, 1, 132, '100.00', '2023-03-27 00:00:00'),
(87, 3, 1, 1, 135, '100.00', '2023-03-28 00:00:00'),
(88, 2, 1, 1, 174, '100.00', '2023-03-29 00:00:00'),
(89, 2, 1, 1, 165, '100.00', '2023-03-30 00:00:00'),
(90, 2, 1, 1, 164, '100.00', '2023-03-31 00:00:00'),
(91, 2, 1, 1, 160, '100.00', '2023-04-01 00:00:00'),
(92, 2, 1, 1, 118, '100.00', '2023-04-02 00:00:00'),
(93, 1, 1, 1, 137, '100.00', '2023-04-03 00:00:00'),
(94, 1, 1, 1, 154, '100.00', '2023-04-04 00:00:00'),
(95, 3, 1, 1, 155, '100.00', '2023-04-05 00:00:00'),
(96, 1, 1, 1, 109, '100.00', '2023-04-06 00:00:00'),
(97, 1, 1, 1, 101, '100.00', '2023-04-07 00:00:00'),
(98, 1, 1, 1, 105, '100.00', '2023-04-08 00:00:00'),
(99, 1, 1, 1, 128, '100.00', '2023-04-09 00:00:00'),
(100, 1, 1, 1, 95, '100.00', '2023-04-10 00:00:00'),
(101, 3, 1, 1, 170, '100.00', '2023-04-11 00:00:00'),
(102, 1, 1, 1, 144, '100.00', '2023-04-12 00:00:00'),
(103, 3, 1, 1, 148, '100.00', '2023-04-13 00:00:00'),
(104, 1, 1, 1, 167, '100.00', '2023-04-14 00:00:00'),
(105, 1, 1, 1, 91, '100.00', '2023-04-15 00:00:00'),
(106, 3, 1, 1, 115, '100.00', '2023-04-16 00:00:00'),
(107, 1, 1, 1, 140, '100.00', '2023-04-17 00:00:00'),
(108, 3, 1, 1, 111, '100.00', '2023-04-18 00:00:00'),
(109, 3, 1, 1, 156, '100.00', '2023-04-19 00:00:00'),
(110, 1, 1, 1, 149, '100.00', '2023-04-20 00:00:00'),
(111, 2, 1, 1, 161, '100.00', '2023-04-21 00:00:00'),
(112, 2, 1, 1, 169, '100.00', '2023-04-22 00:00:00'),
(113, 1, 1, 1, 117, '100.00', '2023-04-23 00:00:00'),
(114, 2, 1, 1, 96, '100.00', '2023-04-24 00:00:00'),
(115, 1, 1, 1, 156, '100.00', '2023-04-25 00:00:00'),
(116, 1, 1, 1, 157, '100.00', '2023-04-26 00:00:00'),
(117, 2, 1, 1, 153, '100.00', '2023-04-27 00:00:00'),
(118, 2, 1, 1, 94, '100.00', '2023-04-28 00:00:00'),
(119, 2, 1, 1, 126, '100.00', '2023-04-29 00:00:00'),
(120, 1, 1, 1, 157, '100.00', '2023-04-30 00:00:00'),
(121, 2, 1, 1, 157, '100.00', '2023-05-01 00:00:00'),
(122, 3, 1, 1, 105, '100.00', '2023-05-02 00:00:00'),
(123, 2, 1, 1, 111, '100.00', '2023-05-03 00:00:00'),
(124, 3, 1, 1, 138, '100.00', '2023-05-04 00:00:00'),
(125, 1, 1, 1, 101, '100.00', '2023-05-05 00:00:00'),
(126, 1, 1, 1, 156, '100.00', '2023-05-06 00:00:00'),
(127, 2, 1, 1, 128, '100.00', '2023-05-07 00:00:00'),
(128, 1, 1, 1, 136, '100.00', '2023-05-08 00:00:00'),
(129, 1, 1, 1, 160, '100.00', '2023-05-09 00:00:00'),
(130, 1, 1, 1, 179, '100.00', '2023-05-10 00:00:00'),
(131, 1, 1, 1, 100, '100.00', '2023-05-11 00:00:00'),
(132, 2, 1, 1, 156, '100.00', '2023-05-12 00:00:00'),
(133, 2, 1, 1, 98, '100.00', '2023-05-13 00:00:00'),
(134, 1, 1, 1, 159, '100.00', '2023-05-14 00:00:00'),
(135, 1, 1, 1, 147, '100.00', '2023-05-15 00:00:00'),
(136, 2, 1, 1, 137, '100.00', '2023-05-16 00:00:00'),
(137, 2, 1, 1, 157, '100.00', '2023-05-17 00:00:00'),
(138, 3, 1, 1, 144, '100.00', '2023-05-18 00:00:00'),
(139, 2, 1, 1, 145, '100.00', '2023-05-19 00:00:00'),
(140, 3, 1, 1, 128, '100.00', '2023-05-20 00:00:00'),
(141, 2, 1, 1, 167, '100.00', '2023-05-21 00:00:00'),
(142, 2, 1, 1, 137, '100.00', '2023-05-22 00:00:00'),
(143, 1, 1, 1, 134, '100.00', '2023-05-23 00:00:00'),
(144, 3, 1, 1, 168, '100.00', '2023-05-24 00:00:00'),
(145, 3, 1, 1, 93, '100.00', '2023-05-25 00:00:00'),
(146, 1, 1, 1, 103, '100.00', '2023-05-26 00:00:00'),
(147, 2, 1, 1, 173, '100.00', '2023-05-27 00:00:00'),
(148, 2, 1, 1, 164, '100.00', '2023-05-28 00:00:00'),
(149, 3, 1, 1, 145, '100.00', '2023-05-29 00:00:00'),
(150, 1, 1, 1, 175, '100.00', '2023-05-30 00:00:00'),
(151, 3, 1, 1, 143, '100.00', '2023-05-31 00:00:00'),
(152, 1, 1, 1, 139, '100.00', '2023-06-01 00:00:00'),
(153, 2, 1, 1, 104, '100.00', '2023-06-02 00:00:00'),
(154, 1, 1, 1, 144, '100.00', '2023-06-03 00:00:00'),
(155, 1, 1, 1, 102, '100.00', '2023-06-04 00:00:00'),
(156, 1, 1, 1, 179, '100.00', '2023-06-05 00:00:00'),
(157, 3, 1, 1, 103, '100.00', '2023-06-06 00:00:00'),
(158, 2, 1, 1, 151, '100.00', '2023-06-07 00:00:00'),
(159, 2, 1, 1, 104, '100.00', '2023-06-08 00:00:00'),
(160, 1, 1, 1, 137, '100.00', '2023-06-09 00:00:00'),
(161, 2, 1, 1, 145, '100.00', '2023-06-10 00:00:00'),
(162, 1, 1, 1, 173, '100.00', '2023-06-11 00:00:00'),
(163, 3, 1, 1, 159, '100.00', '2023-06-12 00:00:00'),
(164, 3, 1, 1, 149, '100.00', '2023-06-13 00:00:00'),
(165, 1, 1, 1, 124, '100.00', '2023-06-14 00:00:00'),
(166, 3, 1, 1, 118, '100.00', '2023-06-15 00:00:00'),
(167, 1, 1, 1, 179, '100.00', '2023-06-16 00:00:00'),
(168, 3, 1, 1, 122, '100.00', '2023-06-17 00:00:00'),
(169, 3, 1, 1, 120, '100.00', '2023-06-18 00:00:00'),
(170, 1, 1, 1, 98, '100.00', '2023-06-19 00:00:00'),
(171, 2, 1, 1, 118, '100.00', '2023-06-20 00:00:00'),
(172, 3, 1, 1, 93, '100.00', '2023-06-21 00:00:00'),
(173, 3, 1, 1, 133, '100.00', '2023-06-22 00:00:00'),
(174, 2, 1, 1, 158, '100.00', '2023-06-23 00:00:00'),
(175, 1, 1, 1, 178, '100.00', '2023-06-24 00:00:00'),
(176, 1, 1, 1, 139, '100.00', '2023-06-25 00:00:00'),
(177, 1, 1, 1, 111, '100.00', '2023-06-26 00:00:00'),
(178, 3, 1, 1, 170, '100.00', '2023-06-27 00:00:00'),
(179, 1, 1, 1, 142, '100.00', '2023-06-28 00:00:00'),
(180, 3, 1, 1, 155, '100.00', '2023-06-29 00:00:00'),
(181, 1, 1, 1, 178, '100.00', '2023-06-30 00:00:00'),
(182, 2, 1, 1, 123, '100.00', '2023-07-01 00:00:00'),
(183, 2, 1, 1, 90, '100.00', '2023-07-02 00:00:00'),
(184, 2, 1, 1, 101, '100.00', '2023-07-03 00:00:00'),
(185, 1, 1, 1, 94, '100.00', '2023-07-04 00:00:00'),
(186, 1, 1, 1, 155, '100.00', '2023-07-05 00:00:00'),
(187, 2, 1, 1, 103, '100.00', '2023-07-06 00:00:00'),
(188, 2, 1, 1, 128, '100.00', '2023-07-07 00:00:00'),
(189, 3, 1, 1, 172, '100.00', '2023-07-08 00:00:00'),
(190, 3, 1, 1, 92, '100.00', '2023-07-09 00:00:00'),
(191, 1, 1, 1, 174, '100.00', '2023-07-10 00:00:00'),
(192, 2, 1, 1, 99, '100.00', '2023-07-11 00:00:00'),
(193, 2, 1, 1, 165, '100.00', '2023-07-12 00:00:00'),
(194, 3, 1, 1, 141, '100.00', '2023-07-13 00:00:00'),
(195, 3, 1, 1, 130, '100.00', '2023-07-14 00:00:00'),
(196, 2, 1, 1, 98, '100.00', '2023-07-15 00:00:00'),
(197, 3, 1, 1, 148, '100.00', '2023-07-16 00:00:00'),
(198, 1, 1, 1, 133, '100.00', '2023-07-17 00:00:00'),
(199, 2, 1, 1, 174, '100.00', '2023-07-18 00:00:00'),
(200, 2, 1, 1, 141, '100.00', '2023-07-19 00:00:00'),
(201, 2, 1, 1, 124, '100.00', '2023-07-20 00:00:00'),
(202, 2, 1, 1, 122, '100.00', '2023-07-21 00:00:00'),
(203, 1, 1, 1, 114, '100.00', '2023-07-22 00:00:00'),
(204, 3, 1, 1, 110, '100.00', '2023-07-23 00:00:00'),
(205, 2, 1, 1, 108, '100.00', '2023-07-24 00:00:00'),
(206, 1, 1, 1, 175, '100.00', '2023-07-25 00:00:00'),
(207, 3, 1, 1, 152, '100.00', '2023-07-26 00:00:00'),
(208, 3, 1, 1, 106, '100.00', '2023-07-27 00:00:00'),
(209, 3, 1, 1, 102, '100.00', '2023-07-28 00:00:00'),
(210, 1, 1, 1, 121, '100.00', '2023-07-29 00:00:00'),
(211, 2, 1, 1, 155, '100.00', '2023-07-30 00:00:00'),
(212, 2, 1, 1, 104, '100.00', '2023-07-31 00:00:00'),
(213, 3, 1, 1, 108, '100.00', '2023-08-01 00:00:00'),
(214, 3, 1, 1, 90, '100.00', '2023-08-02 00:00:00'),
(215, 1, 1, 1, 139, '100.00', '2023-08-03 00:00:00'),
(216, 2, 1, 1, 147, '100.00', '2023-08-04 00:00:00'),
(217, 3, 1, 1, 149, '100.00', '2023-08-05 00:00:00'),
(218, 2, 1, 1, 156, '100.00', '2023-08-06 00:00:00'),
(219, 3, 1, 1, 165, '100.00', '2023-08-07 00:00:00'),
(220, 3, 1, 1, 162, '100.00', '2023-08-08 00:00:00'),
(221, 2, 1, 1, 131, '100.00', '2023-08-09 00:00:00'),
(222, 1, 1, 1, 162, '100.00', '2023-08-10 00:00:00'),
(223, 1, 1, 1, 113, '100.00', '2023-08-11 00:00:00'),
(224, 2, 1, 1, 133, '100.00', '2023-08-12 00:00:00'),
(225, 3, 1, 1, 128, '100.00', '2023-08-13 00:00:00'),
(226, 1, 1, 1, 117, '100.00', '2023-08-14 00:00:00'),
(227, 2, 1, 1, 175, '100.00', '2023-08-15 00:00:00'),
(228, 1, 1, 1, 122, '100.00', '2023-08-16 00:00:00'),
(229, 1, 1, 1, 127, '100.00', '2023-08-17 00:00:00'),
(230, 2, 1, 1, 157, '100.00', '2023-08-18 00:00:00'),
(231, 1, 1, 1, 122, '100.00', '2023-08-19 00:00:00'),
(232, 2, 1, 1, 165, '100.00', '2023-08-20 00:00:00'),
(233, 2, 1, 1, 105, '100.00', '2023-08-21 00:00:00'),
(234, 1, 1, 1, 95, '100.00', '2023-08-22 00:00:00'),
(235, 1, 1, 1, 138, '100.00', '2023-08-23 00:00:00'),
(236, 3, 1, 1, 95, '100.00', '2023-08-24 00:00:00'),
(237, 2, 1, 1, 118, '100.00', '2023-08-25 00:00:00'),
(238, 3, 1, 1, 154, '100.00', '2023-08-26 00:00:00'),
(239, 1, 1, 1, 101, '100.00', '2023-08-27 00:00:00'),
(240, 3, 1, 1, 146, '100.00', '2023-08-28 00:00:00'),
(241, 1, 1, 1, 141, '100.00', '2023-08-29 00:00:00'),
(242, 2, 1, 1, 91, '100.00', '2023-08-30 00:00:00'),
(243, 3, 1, 1, 151, '100.00', '2023-08-31 00:00:00'),
(244, 2, 1, 1, 126, '100.00', '2023-09-01 00:00:00'),
(245, 2, 1, 1, 172, '100.00', '2023-09-02 00:00:00'),
(246, 2, 1, 1, 160, '100.00', '2023-09-03 00:00:00'),
(247, 3, 1, 1, 152, '100.00', '2023-09-04 00:00:00'),
(248, 1, 1, 1, 159, '100.00', '2023-09-05 00:00:00'),
(249, 2, 1, 1, 164, '100.00', '2023-09-06 00:00:00'),
(250, 3, 1, 1, 164, '100.00', '2023-09-07 00:00:00'),
(251, 1, 1, 1, 167, '100.00', '2023-09-08 00:00:00'),
(252, 2, 1, 1, 170, '100.00', '2023-09-09 00:00:00'),
(253, 1, 1, 1, 132, '100.00', '2023-09-10 00:00:00'),
(254, 1, 1, 1, 169, '100.00', '2023-09-11 00:00:00'),
(255, 1, 1, 1, 178, '100.00', '2023-09-12 00:00:00'),
(256, 1, 1, 1, 113, '100.00', '2023-09-13 00:00:00'),
(257, 2, 1, 1, 114, '100.00', '2023-09-14 00:00:00'),
(258, 3, 1, 1, 160, '100.00', '2023-09-15 00:00:00'),
(259, 1, 1, 1, 109, '100.00', '2023-09-16 00:00:00'),
(260, 3, 1, 1, 90, '100.00', '2023-09-17 00:00:00'),
(261, 2, 1, 1, 154, '100.00', '2023-09-18 00:00:00'),
(262, 1, 1, 1, 175, '100.00', '2023-09-19 00:00:00'),
(263, 3, 1, 1, 141, '100.00', '2023-09-20 00:00:00'),
(264, 3, 1, 1, 139, '100.00', '2023-09-21 00:00:00'),
(265, 3, 1, 1, 160, '100.00', '2023-09-22 00:00:00'),
(266, 1, 1, 1, 101, '100.00', '2023-09-23 00:00:00'),
(267, 3, 1, 1, 102, '100.00', '2023-09-24 00:00:00'),
(268, 3, 1, 1, 179, '100.00', '2023-09-25 00:00:00'),
(269, 2, 1, 1, 174, '100.00', '2023-09-26 00:00:00'),
(270, 1, 1, 1, 139, '100.00', '2023-09-27 00:00:00'),
(271, 3, 1, 1, 127, '100.00', '2023-09-28 00:00:00'),
(272, 1, 1, 1, 146, '100.00', '2023-09-29 00:00:00'),
(273, 3, 1, 1, 172, '100.00', '2023-09-30 00:00:00'),
(274, 3, 1, 1, 109, '100.00', '2023-10-01 00:00:00'),
(275, 1, 1, 1, 169, '100.00', '2023-10-02 00:00:00'),
(276, 2, 1, 1, 168, '100.00', '2023-10-03 00:00:00'),
(277, 2, 1, 1, 113, '100.00', '2023-10-04 00:00:00'),
(278, 2, 1, 1, 117, '100.00', '2023-10-05 00:00:00'),
(279, 1, 1, 1, 117, '100.00', '2023-10-06 00:00:00'),
(280, 1, 1, 1, 180, '100.00', '2023-10-07 00:00:00'),
(281, 1, 1, 1, 149, '100.00', '2023-10-08 00:00:00'),
(282, 3, 1, 1, 157, '100.00', '2023-10-09 00:00:00'),
(283, 1, 1, 1, 109, '100.00', '2023-10-10 00:00:00'),
(284, 2, 1, 1, 160, '100.00', '2023-10-11 00:00:00'),
(285, 1, 1, 1, 117, '100.00', '2023-10-12 00:00:00'),
(286, 1, 1, 1, 100, '100.00', '2023-10-13 00:00:00'),
(287, 3, 1, 1, 148, '100.00', '2023-10-14 00:00:00'),
(288, 2, 1, 1, 144, '100.00', '2023-10-15 00:00:00'),
(289, 2, 1, 1, 176, '100.00', '2023-10-16 00:00:00'),
(290, 2, 1, 1, 90, '100.00', '2023-10-17 00:00:00'),
(291, 1, 1, 1, 148, '100.00', '2023-10-18 00:00:00'),
(292, 3, 1, 1, 123, '100.00', '2023-10-19 00:00:00'),
(293, 3, 1, 1, 99, '100.00', '2023-10-20 00:00:00'),
(294, 3, 1, 1, 126, '100.00', '2023-10-21 00:00:00'),
(295, 2, 1, 1, 155, '100.00', '2023-10-22 00:00:00'),
(296, 1, 1, 1, 179, '100.00', '2023-10-23 00:00:00'),
(297, 1, 1, 1, 108, '100.00', '2023-10-24 00:00:00'),
(298, 2, 1, 1, 116, '100.00', '2023-10-25 00:00:00'),
(299, 1, 1, 1, 125, '100.00', '2023-10-26 00:00:00'),
(300, 2, 1, 1, 96, '100.00', '2023-10-27 00:00:00'),
(301, 2, 1, 1, 146, '100.00', '2023-10-28 00:00:00'),
(302, 3, 1, 1, 102, '100.00', '2023-10-29 00:00:00'),
(303, 3, 1, 1, 114, '100.00', '2023-10-30 00:00:00'),
(304, 1, 1, 1, 108, '100.00', '2023-10-31 00:00:00'),
(305, 3, 1, 1, 134, '100.00', '2023-11-01 00:00:00'),
(306, 1, 1, 1, 123, '100.00', '2023-11-02 00:00:00'),
(307, 1, 1, 1, 103, '100.00', '2023-11-03 00:00:00'),
(308, 3, 1, 1, 96, '100.00', '2023-11-04 00:00:00'),
(309, 1, 1, 1, 153, '100.00', '2023-11-05 00:00:00'),
(310, 2, 1, 1, 164, '100.00', '2023-11-06 00:00:00'),
(311, 2, 1, 1, 99, '100.00', '2023-11-07 00:00:00'),
(312, 1, 1, 1, 179, '100.00', '2023-11-08 00:00:00'),
(313, 3, 1, 1, 124, '100.00', '2023-11-09 00:00:00'),
(314, 2, 1, 1, 113, '100.00', '2023-11-10 00:00:00'),
(315, 1, 1, 1, 102, '100.00', '2023-11-11 00:00:00'),
(316, 3, 1, 1, 94, '100.00', '2023-11-12 00:00:00'),
(317, 1, 1, 1, 161, '100.00', '2023-11-13 00:00:00'),
(318, 1, 1, 1, 156, '100.00', '2023-11-14 00:00:00'),
(319, 1, 1, 1, 154, '100.00', '2023-11-15 00:00:00'),
(320, 1, 1, 1, 157, '100.00', '2023-11-16 00:00:00'),
(321, 2, 1, 1, 96, '100.00', '2023-11-17 00:00:00'),
(322, 3, 1, 1, 139, '100.00', '2023-11-18 00:00:00'),
(323, 2, 1, 1, 90, '100.00', '2023-11-19 00:00:00'),
(324, 1, 1, 1, 132, '100.00', '2023-11-20 00:00:00'),
(325, 1, 1, 1, 121, '100.00', '2023-11-21 00:00:00'),
(326, 1, 1, 1, 90, '100.00', '2023-11-22 00:00:00'),
(327, 3, 1, 1, 117, '100.00', '2023-11-23 00:00:00'),
(328, 2, 1, 1, 118, '100.00', '2023-11-24 00:00:00'),
(329, 2, 1, 1, 99, '100.00', '2023-11-25 00:00:00'),
(330, 3, 1, 1, 90, '100.00', '2023-11-26 00:00:00'),
(331, 2, 1, 1, 128, '100.00', '2023-11-27 00:00:00'),
(332, 1, 1, 1, 141, '100.00', '2023-11-28 00:00:00'),
(333, 3, 1, 1, 136, '100.00', '2023-11-29 00:00:00'),
(334, 1, 1, 1, 176, '100.00', '2023-11-30 00:00:00'),
(335, 2, 1, 1, 127, '100.00', '2023-12-01 00:00:00'),
(336, 2, 1, 1, 145, '100.00', '2023-12-02 00:00:00'),
(337, 1, 1, 1, 157, '100.00', '2023-12-03 00:00:00'),
(338, 3, 1, 1, 179, '100.00', '2023-12-04 00:00:00'),
(339, 2, 1, 1, 137, '100.00', '2023-12-05 00:00:00'),
(340, 1, 1, 1, 126, '100.00', '2023-12-06 00:00:00'),
(341, 2, 1, 1, 168, '100.00', '2023-12-07 00:00:00'),
(342, 1, 1, 1, 179, '100.00', '2023-12-08 00:00:00'),
(343, 3, 1, 1, 129, '100.00', '2023-12-09 00:00:00'),
(344, 2, 1, 1, 102, '100.00', '2023-12-10 00:00:00'),
(345, 3, 1, 1, 175, '100.00', '2023-12-11 00:00:00'),
(346, 1, 1, 1, 142, '100.00', '2023-12-12 00:00:00'),
(347, 3, 1, 1, 167, '100.00', '2023-12-13 00:00:00'),
(348, 1, 1, 1, 149, '100.00', '2023-12-14 00:00:00'),
(349, 1, 1, 1, 152, '100.00', '2023-12-15 00:00:00'),
(350, 3, 1, 1, 121, '100.00', '2023-12-16 00:00:00'),
(351, 3, 1, 1, 92, '100.00', '2023-12-17 00:00:00'),
(352, 2, 1, 1, 176, '100.00', '2023-12-18 00:00:00'),
(353, 1, 1, 1, 157, '100.00', '2023-12-19 00:00:00'),
(354, 1, 1, 1, 94, '100.00', '2023-12-20 00:00:00'),
(355, 3, 1, 1, 158, '100.00', '2023-12-21 00:00:00'),
(356, 3, 1, 1, 103, '100.00', '2023-12-22 00:00:00'),
(357, 2, 1, 1, 170, '100.00', '2023-12-23 00:00:00'),
(358, 3, 1, 1, 91, '100.00', '2023-12-24 00:00:00'),
(359, 2, 1, 1, 137, '100.00', '2023-12-25 00:00:00'),
(360, 2, 1, 1, 100, '100.00', '2023-12-26 00:00:00'),
(361, 1, 1, 1, 160, '100.00', '2023-12-27 00:00:00'),
(362, 2, 1, 1, 134, '100.00', '2023-12-28 00:00:00'),
(363, 3, 1, 1, 92, '100.00', '2023-12-29 00:00:00'),
(364, 2, 1, 1, 169, '100.00', '2023-12-30 00:00:00'),
(365, 2, 1, 1, 170, '100.00', '2023-12-31 00:00:00'),
(366, 3, 1, 2, 116, '100.00', '2023-01-01 00:00:00'),
(367, 3, 1, 2, 101, '100.00', '2023-01-02 00:00:00'),
(368, 3, 1, 2, 92, '100.00', '2023-01-03 00:00:00'),
(369, 3, 1, 2, 117, '100.00', '2023-01-04 00:00:00'),
(370, 1, 1, 2, 61, '100.00', '2023-01-05 00:00:00'),
(371, 3, 1, 2, 109, '100.00', '2023-01-06 00:00:00'),
(372, 2, 1, 2, 99, '100.00', '2023-01-07 00:00:00'),
(373, 2, 1, 2, 113, '100.00', '2023-01-08 00:00:00'),
(374, 1, 1, 2, 120, '100.00', '2023-01-09 00:00:00'),
(375, 2, 1, 2, 89, '100.00', '2023-01-10 00:00:00'),
(376, 3, 1, 2, 103, '100.00', '2023-01-11 00:00:00'),
(377, 3, 1, 2, 79, '100.00', '2023-01-12 00:00:00'),
(378, 3, 1, 2, 75, '100.00', '2023-01-13 00:00:00'),
(379, 3, 1, 2, 90, '100.00', '2023-01-14 00:00:00'),
(380, 2, 1, 2, 115, '100.00', '2023-01-15 00:00:00'),
(381, 1, 1, 2, 87, '100.00', '2023-01-16 00:00:00'),
(382, 1, 1, 2, 114, '100.00', '2023-01-17 00:00:00'),
(383, 3, 1, 2, 71, '100.00', '2023-01-18 00:00:00'),
(384, 2, 1, 2, 97, '100.00', '2023-01-19 00:00:00'),
(385, 2, 1, 2, 88, '100.00', '2023-01-20 00:00:00'),
(386, 3, 1, 2, 65, '100.00', '2023-01-21 00:00:00'),
(387, 1, 1, 2, 117, '100.00', '2023-01-22 00:00:00'),
(388, 3, 1, 2, 74, '100.00', '2023-01-23 00:00:00'),
(389, 2, 1, 2, 80, '100.00', '2023-01-24 00:00:00'),
(390, 1, 1, 2, 73, '100.00', '2023-01-25 00:00:00'),
(391, 1, 1, 2, 118, '100.00', '2023-01-26 00:00:00'),
(392, 1, 1, 2, 109, '100.00', '2023-01-27 00:00:00'),
(393, 3, 1, 2, 72, '100.00', '2023-01-28 00:00:00'),
(394, 1, 1, 2, 65, '100.00', '2023-01-29 00:00:00'),
(395, 3, 1, 2, 99, '100.00', '2023-01-30 00:00:00'),
(396, 3, 1, 2, 92, '100.00', '2023-01-31 00:00:00'),
(397, 1, 1, 2, 86, '100.00', '2023-02-01 00:00:00'),
(398, 1, 1, 2, 63, '100.00', '2023-02-02 00:00:00'),
(399, 1, 1, 2, 108, '100.00', '2023-02-03 00:00:00'),
(400, 1, 1, 2, 94, '100.00', '2023-02-04 00:00:00'),
(401, 1, 1, 2, 86, '100.00', '2023-02-05 00:00:00'),
(402, 3, 1, 2, 94, '100.00', '2023-02-06 00:00:00'),
(403, 3, 1, 2, 60, '100.00', '2023-02-07 00:00:00'),
(404, 1, 1, 2, 86, '100.00', '2023-02-08 00:00:00'),
(405, 1, 1, 2, 108, '100.00', '2023-02-09 00:00:00'),
(406, 1, 1, 2, 113, '100.00', '2023-02-10 00:00:00'),
(407, 2, 1, 2, 103, '100.00', '2023-02-11 00:00:00'),
(408, 1, 1, 2, 102, '100.00', '2023-02-12 00:00:00'),
(409, 2, 1, 2, 113, '100.00', '2023-02-13 00:00:00'),
(410, 3, 1, 2, 118, '100.00', '2023-02-14 00:00:00'),
(411, 1, 1, 2, 67, '100.00', '2023-02-15 00:00:00'),
(412, 3, 1, 2, 101, '100.00', '2023-02-16 00:00:00'),
(413, 1, 1, 2, 61, '100.00', '2023-02-17 00:00:00'),
(414, 3, 1, 2, 69, '100.00', '2023-02-18 00:00:00'),
(415, 3, 1, 2, 81, '100.00', '2023-02-19 00:00:00'),
(416, 2, 1, 2, 108, '100.00', '2023-02-20 00:00:00'),
(417, 3, 1, 2, 120, '100.00', '2023-02-21 00:00:00'),
(418, 2, 1, 2, 94, '100.00', '2023-02-22 00:00:00'),
(419, 2, 1, 2, 76, '100.00', '2023-02-23 00:00:00'),
(420, 2, 1, 2, 114, '100.00', '2023-02-24 00:00:00'),
(421, 2, 1, 2, 102, '100.00', '2023-02-25 00:00:00'),
(422, 2, 1, 2, 67, '100.00', '2023-02-26 00:00:00'),
(423, 1, 1, 2, 119, '100.00', '2023-02-27 00:00:00'),
(424, 2, 1, 2, 117, '100.00', '2023-02-28 00:00:00'),
(425, 1, 1, 2, 116, '100.00', '2023-03-01 00:00:00'),
(426, 3, 1, 2, 62, '100.00', '2023-03-02 00:00:00'),
(427, 1, 1, 2, 88, '100.00', '2023-03-03 00:00:00'),
(428, 2, 1, 2, 88, '100.00', '2023-03-04 00:00:00'),
(429, 1, 1, 2, 93, '100.00', '2023-03-05 00:00:00'),
(430, 2, 1, 2, 109, '100.00', '2023-03-06 00:00:00'),
(431, 1, 1, 2, 79, '100.00', '2023-03-07 00:00:00'),
(432, 1, 1, 2, 84, '100.00', '2023-03-08 00:00:00'),
(433, 1, 1, 2, 74, '100.00', '2023-03-09 00:00:00'),
(434, 3, 1, 2, 90, '100.00', '2023-03-10 00:00:00'),
(435, 1, 1, 2, 76, '100.00', '2023-03-11 00:00:00'),
(436, 2, 1, 2, 105, '100.00', '2023-03-12 00:00:00'),
(437, 1, 1, 2, 64, '100.00', '2023-03-13 00:00:00'),
(438, 3, 1, 2, 94, '100.00', '2023-03-14 00:00:00'),
(439, 3, 1, 2, 83, '100.00', '2023-03-15 00:00:00'),
(440, 3, 1, 2, 114, '100.00', '2023-03-16 00:00:00'),
(441, 1, 1, 2, 73, '100.00', '2023-03-17 00:00:00'),
(442, 3, 1, 2, 75, '100.00', '2023-03-18 00:00:00'),
(443, 3, 1, 2, 106, '100.00', '2023-03-19 00:00:00'),
(444, 1, 1, 2, 70, '100.00', '2023-03-20 00:00:00'),
(445, 1, 1, 2, 78, '100.00', '2023-03-21 00:00:00'),
(446, 1, 1, 2, 106, '100.00', '2023-03-22 00:00:00'),
(447, 3, 1, 2, 83, '100.00', '2023-03-23 00:00:00'),
(448, 3, 1, 2, 73, '100.00', '2023-03-24 00:00:00'),
(449, 1, 1, 2, 73, '100.00', '2023-03-25 00:00:00'),
(450, 2, 1, 2, 108, '100.00', '2023-03-26 00:00:00'),
(451, 2, 1, 2, 110, '100.00', '2023-03-27 00:00:00'),
(452, 2, 1, 2, 82, '100.00', '2023-03-28 00:00:00'),
(453, 3, 1, 2, 65, '100.00', '2023-03-29 00:00:00'),
(454, 2, 1, 2, 68, '100.00', '2023-03-30 00:00:00'),
(455, 3, 1, 2, 79, '100.00', '2023-03-31 00:00:00'),
(456, 1, 1, 2, 98, '100.00', '2023-04-01 00:00:00'),
(457, 2, 1, 2, 119, '100.00', '2023-04-02 00:00:00'),
(458, 1, 1, 2, 60, '100.00', '2023-04-03 00:00:00'),
(459, 2, 1, 2, 82, '100.00', '2023-04-04 00:00:00'),
(460, 3, 1, 2, 79, '100.00', '2023-04-05 00:00:00'),
(461, 2, 1, 2, 81, '100.00', '2023-04-06 00:00:00'),
(462, 1, 1, 2, 94, '100.00', '2023-04-07 00:00:00'),
(463, 3, 1, 2, 65, '100.00', '2023-04-08 00:00:00'),
(464, 1, 1, 2, 117, '100.00', '2023-04-09 00:00:00'),
(465, 3, 1, 2, 60, '100.00', '2023-04-10 00:00:00'),
(466, 2, 1, 2, 74, '100.00', '2023-04-11 00:00:00'),
(467, 2, 1, 2, 115, '100.00', '2023-04-12 00:00:00'),
(468, 1, 1, 2, 93, '100.00', '2023-04-13 00:00:00'),
(469, 1, 1, 2, 84, '100.00', '2023-04-14 00:00:00'),
(470, 1, 1, 2, 91, '100.00', '2023-04-15 00:00:00'),
(471, 1, 1, 2, 120, '100.00', '2023-04-16 00:00:00'),
(472, 1, 1, 2, 69, '100.00', '2023-04-17 00:00:00'),
(473, 2, 1, 2, 109, '100.00', '2023-04-18 00:00:00'),
(474, 2, 1, 2, 113, '100.00', '2023-04-19 00:00:00'),
(475, 2, 1, 2, 87, '100.00', '2023-04-20 00:00:00'),
(476, 3, 1, 2, 99, '100.00', '2023-04-21 00:00:00'),
(477, 2, 1, 2, 117, '100.00', '2023-04-22 00:00:00'),
(478, 3, 1, 2, 79, '100.00', '2023-04-23 00:00:00'),
(479, 2, 1, 2, 114, '100.00', '2023-04-24 00:00:00'),
(480, 1, 1, 2, 86, '100.00', '2023-04-25 00:00:00'),
(481, 1, 1, 2, 103, '100.00', '2023-04-26 00:00:00'),
(482, 1, 1, 2, 115, '100.00', '2023-04-27 00:00:00'),
(483, 2, 1, 2, 64, '100.00', '2023-04-28 00:00:00'),
(484, 3, 1, 2, 105, '100.00', '2023-04-29 00:00:00'),
(485, 3, 1, 2, 86, '100.00', '2023-04-30 00:00:00'),
(486, 1, 1, 2, 90, '100.00', '2023-05-01 00:00:00'),
(487, 3, 1, 2, 111, '100.00', '2023-05-02 00:00:00'),
(488, 2, 1, 2, 65, '100.00', '2023-05-03 00:00:00'),
(489, 3, 1, 2, 85, '100.00', '2023-05-04 00:00:00'),
(490, 3, 1, 2, 65, '100.00', '2023-05-05 00:00:00'),
(491, 3, 1, 2, 105, '100.00', '2023-05-06 00:00:00'),
(492, 2, 1, 2, 61, '100.00', '2023-05-07 00:00:00'),
(493, 2, 1, 2, 82, '100.00', '2023-05-08 00:00:00'),
(494, 3, 1, 2, 108, '100.00', '2023-05-09 00:00:00'),
(495, 3, 1, 2, 67, '100.00', '2023-05-10 00:00:00'),
(496, 2, 1, 2, 86, '100.00', '2023-05-11 00:00:00'),
(497, 3, 1, 2, 100, '100.00', '2023-05-12 00:00:00'),
(498, 2, 1, 2, 72, '100.00', '2023-05-13 00:00:00'),
(499, 1, 1, 2, 60, '100.00', '2023-05-14 00:00:00'),
(500, 3, 1, 2, 89, '100.00', '2023-05-15 00:00:00'),
(501, 3, 1, 2, 113, '100.00', '2023-05-16 00:00:00'),
(502, 1, 1, 2, 66, '100.00', '2023-05-17 00:00:00'),
(503, 2, 1, 2, 66, '100.00', '2023-05-18 00:00:00'),
(504, 3, 1, 2, 103, '100.00', '2023-05-19 00:00:00'),
(505, 3, 1, 2, 115, '100.00', '2023-05-20 00:00:00'),
(506, 2, 1, 2, 114, '100.00', '2023-05-21 00:00:00'),
(507, 1, 1, 2, 109, '100.00', '2023-05-22 00:00:00'),
(508, 2, 1, 2, 63, '100.00', '2023-05-23 00:00:00'),
(509, 1, 1, 2, 88, '100.00', '2023-05-24 00:00:00'),
(510, 2, 1, 2, 99, '100.00', '2023-05-25 00:00:00'),
(511, 1, 1, 2, 117, '100.00', '2023-05-26 00:00:00'),
(512, 3, 1, 2, 80, '100.00', '2023-05-27 00:00:00'),
(513, 1, 1, 2, 119, '100.00', '2023-05-28 00:00:00'),
(514, 2, 1, 2, 103, '100.00', '2023-05-29 00:00:00'),
(515, 2, 1, 2, 101, '100.00', '2023-05-30 00:00:00'),
(516, 1, 1, 2, 64, '100.00', '2023-05-31 00:00:00'),
(517, 1, 1, 2, 67, '100.00', '2023-06-01 00:00:00'),
(518, 1, 1, 2, 106, '100.00', '2023-06-02 00:00:00'),
(519, 2, 1, 2, 65, '100.00', '2023-06-03 00:00:00'),
(520, 3, 1, 2, 80, '100.00', '2023-06-04 00:00:00'),
(521, 3, 1, 2, 68, '100.00', '2023-06-05 00:00:00'),
(522, 2, 1, 2, 82, '100.00', '2023-06-06 00:00:00'),
(523, 2, 1, 2, 62, '100.00', '2023-06-07 00:00:00'),
(524, 2, 1, 2, 68, '100.00', '2023-06-08 00:00:00'),
(525, 1, 1, 2, 65, '100.00', '2023-06-09 00:00:00'),
(526, 3, 1, 2, 66, '100.00', '2023-06-10 00:00:00'),
(527, 2, 1, 2, 110, '100.00', '2023-06-11 00:00:00'),
(528, 1, 1, 2, 76, '100.00', '2023-06-12 00:00:00'),
(529, 3, 1, 2, 87, '100.00', '2023-06-13 00:00:00'),
(530, 1, 1, 2, 94, '100.00', '2023-06-14 00:00:00'),
(531, 1, 1, 2, 80, '100.00', '2023-06-15 00:00:00'),
(532, 2, 1, 2, 63, '100.00', '2023-06-16 00:00:00'),
(533, 1, 1, 2, 115, '100.00', '2023-06-17 00:00:00'),
(534, 2, 1, 2, 116, '100.00', '2023-06-18 00:00:00'),
(535, 2, 1, 2, 88, '100.00', '2023-06-19 00:00:00'),
(536, 1, 1, 2, 110, '100.00', '2023-06-20 00:00:00'),
(537, 2, 1, 2, 108, '100.00', '2023-06-21 00:00:00'),
(538, 1, 1, 2, 76, '100.00', '2023-06-22 00:00:00'),
(539, 1, 1, 2, 77, '100.00', '2023-06-23 00:00:00'),
(540, 3, 1, 2, 111, '100.00', '2023-06-24 00:00:00'),
(541, 2, 1, 2, 113, '100.00', '2023-06-25 00:00:00'),
(542, 2, 1, 2, 81, '100.00', '2023-06-26 00:00:00'),
(543, 3, 1, 2, 115, '100.00', '2023-06-27 00:00:00'),
(544, 1, 1, 2, 104, '100.00', '2023-06-28 00:00:00'),
(545, 2, 1, 2, 110, '100.00', '2023-06-29 00:00:00'),
(546, 3, 1, 2, 116, '100.00', '2023-06-30 00:00:00'),
(547, 2, 1, 2, 82, '100.00', '2023-07-01 00:00:00'),
(548, 1, 1, 2, 69, '100.00', '2023-07-02 00:00:00'),
(549, 1, 1, 2, 107, '100.00', '2023-07-03 00:00:00'),
(550, 3, 1, 2, 117, '100.00', '2023-07-04 00:00:00'),
(551, 3, 1, 2, 104, '100.00', '2023-07-05 00:00:00'),
(552, 2, 1, 2, 119, '100.00', '2023-07-06 00:00:00'),
(553, 3, 1, 2, 93, '100.00', '2023-07-07 00:00:00'),
(554, 2, 1, 2, 86, '100.00', '2023-07-08 00:00:00'),
(555, 1, 1, 2, 94, '100.00', '2023-07-09 00:00:00'),
(556, 3, 1, 2, 84, '100.00', '2023-07-10 00:00:00'),
(557, 2, 1, 2, 105, '100.00', '2023-07-11 00:00:00'),
(558, 1, 1, 2, 63, '100.00', '2023-07-12 00:00:00'),
(559, 1, 1, 2, 87, '100.00', '2023-07-13 00:00:00'),
(560, 1, 1, 2, 88, '100.00', '2023-07-14 00:00:00'),
(561, 1, 1, 2, 101, '100.00', '2023-07-15 00:00:00'),
(562, 3, 1, 2, 60, '100.00', '2023-07-16 00:00:00'),
(563, 3, 1, 2, 90, '100.00', '2023-07-17 00:00:00'),
(564, 3, 1, 2, 60, '100.00', '2023-07-18 00:00:00'),
(565, 1, 1, 2, 111, '100.00', '2023-07-19 00:00:00'),
(566, 1, 1, 2, 106, '100.00', '2023-07-20 00:00:00'),
(567, 1, 1, 2, 80, '100.00', '2023-07-21 00:00:00'),
(568, 1, 1, 2, 98, '100.00', '2023-07-22 00:00:00'),
(569, 2, 1, 2, 119, '100.00', '2023-07-23 00:00:00'),
(570, 3, 1, 2, 115, '100.00', '2023-07-24 00:00:00'),
(571, 3, 1, 2, 106, '100.00', '2023-07-25 00:00:00'),
(572, 3, 1, 2, 91, '100.00', '2023-07-26 00:00:00'),
(573, 1, 1, 2, 112, '100.00', '2023-07-27 00:00:00'),
(574, 1, 1, 2, 75, '100.00', '2023-07-28 00:00:00'),
(575, 1, 1, 2, 72, '100.00', '2023-07-29 00:00:00'),
(576, 2, 1, 2, 79, '100.00', '2023-07-30 00:00:00'),
(577, 2, 1, 2, 93, '100.00', '2023-07-31 00:00:00'),
(578, 2, 1, 2, 63, '100.00', '2023-08-01 00:00:00'),
(579, 1, 1, 2, 115, '100.00', '2023-08-02 00:00:00'),
(580, 1, 1, 2, 84, '100.00', '2023-08-03 00:00:00'),
(581, 1, 1, 2, 118, '100.00', '2023-08-04 00:00:00'),
(582, 1, 1, 2, 105, '100.00', '2023-08-05 00:00:00'),
(583, 1, 1, 2, 77, '100.00', '2023-08-06 00:00:00'),
(584, 2, 1, 2, 67, '100.00', '2023-08-07 00:00:00'),
(585, 3, 1, 2, 105, '100.00', '2023-08-08 00:00:00'),
(586, 3, 1, 2, 72, '100.00', '2023-08-09 00:00:00'),
(587, 1, 1, 2, 65, '100.00', '2023-08-10 00:00:00'),
(588, 1, 1, 2, 120, '100.00', '2023-08-11 00:00:00'),
(589, 2, 1, 2, 111, '100.00', '2023-08-12 00:00:00'),
(590, 2, 1, 2, 120, '100.00', '2023-08-13 00:00:00'),
(591, 2, 1, 2, 76, '100.00', '2023-08-14 00:00:00'),
(592, 3, 1, 2, 107, '100.00', '2023-08-15 00:00:00'),
(593, 3, 1, 2, 78, '100.00', '2023-08-16 00:00:00'),
(594, 1, 1, 2, 82, '100.00', '2023-08-17 00:00:00'),
(595, 3, 1, 2, 68, '100.00', '2023-08-18 00:00:00'),
(596, 3, 1, 2, 100, '100.00', '2023-08-19 00:00:00'),
(597, 2, 1, 2, 77, '100.00', '2023-08-20 00:00:00'),
(598, 1, 1, 2, 70, '100.00', '2023-08-21 00:00:00'),
(599, 1, 1, 2, 61, '100.00', '2023-08-22 00:00:00'),
(600, 2, 1, 2, 114, '100.00', '2023-08-23 00:00:00'),
(601, 1, 1, 2, 78, '100.00', '2023-08-24 00:00:00'),
(602, 1, 1, 2, 96, '100.00', '2023-08-25 00:00:00'),
(603, 3, 1, 2, 105, '100.00', '2023-08-26 00:00:00'),
(604, 3, 1, 2, 90, '100.00', '2023-08-27 00:00:00'),
(605, 2, 1, 2, 106, '100.00', '2023-08-28 00:00:00'),
(606, 1, 1, 2, 66, '100.00', '2023-08-29 00:00:00'),
(607, 3, 1, 2, 109, '100.00', '2023-08-30 00:00:00'),
(608, 3, 1, 2, 72, '100.00', '2023-08-31 00:00:00'),
(609, 1, 1, 2, 102, '100.00', '2023-09-01 00:00:00'),
(610, 2, 1, 2, 66, '100.00', '2023-09-02 00:00:00'),
(611, 1, 1, 2, 92, '100.00', '2023-09-03 00:00:00'),
(612, 3, 1, 2, 87, '100.00', '2023-09-04 00:00:00'),
(613, 2, 1, 2, 79, '100.00', '2023-09-05 00:00:00'),
(614, 2, 1, 2, 96, '100.00', '2023-09-06 00:00:00'),
(615, 1, 1, 2, 120, '100.00', '2023-09-07 00:00:00'),
(616, 3, 1, 2, 86, '100.00', '2023-09-08 00:00:00'),
(617, 1, 1, 2, 81, '100.00', '2023-09-09 00:00:00'),
(618, 3, 1, 2, 96, '100.00', '2023-09-10 00:00:00'),
(619, 3, 1, 2, 82, '100.00', '2023-09-11 00:00:00'),
(620, 2, 1, 2, 113, '100.00', '2023-09-12 00:00:00'),
(621, 1, 1, 2, 102, '100.00', '2023-09-13 00:00:00'),
(622, 1, 1, 2, 81, '100.00', '2023-09-14 00:00:00'),
(623, 1, 1, 2, 71, '100.00', '2023-09-15 00:00:00'),
(624, 1, 1, 2, 107, '100.00', '2023-09-16 00:00:00'),
(625, 2, 1, 2, 113, '100.00', '2023-09-17 00:00:00'),
(626, 1, 1, 2, 84, '100.00', '2023-09-18 00:00:00'),
(627, 3, 1, 2, 100, '100.00', '2023-09-19 00:00:00'),
(628, 2, 1, 2, 100, '100.00', '2023-09-20 00:00:00'),
(629, 3, 1, 2, 94, '100.00', '2023-09-21 00:00:00'),
(630, 2, 1, 2, 77, '100.00', '2023-09-22 00:00:00'),
(631, 2, 1, 2, 98, '100.00', '2023-09-23 00:00:00'),
(632, 1, 1, 2, 89, '100.00', '2023-09-24 00:00:00'),
(633, 2, 1, 2, 99, '100.00', '2023-09-25 00:00:00'),
(634, 3, 1, 2, 100, '100.00', '2023-09-26 00:00:00'),
(635, 2, 1, 2, 116, '100.00', '2023-09-27 00:00:00'),
(636, 2, 1, 2, 67, '100.00', '2023-09-28 00:00:00'),
(637, 1, 1, 2, 71, '100.00', '2023-09-29 00:00:00'),
(638, 2, 1, 2, 96, '100.00', '2023-09-30 00:00:00'),
(639, 1, 1, 2, 75, '100.00', '2023-10-01 00:00:00'),
(640, 3, 1, 2, 104, '100.00', '2023-10-02 00:00:00'),
(641, 1, 1, 2, 62, '100.00', '2023-10-03 00:00:00'),
(642, 3, 1, 2, 82, '100.00', '2023-10-04 00:00:00'),
(643, 1, 1, 2, 109, '100.00', '2023-10-05 00:00:00'),
(644, 2, 1, 2, 120, '100.00', '2023-10-06 00:00:00'),
(645, 1, 1, 2, 63, '100.00', '2023-10-07 00:00:00'),
(646, 2, 1, 2, 94, '100.00', '2023-10-08 00:00:00'),
(647, 3, 1, 2, 113, '100.00', '2023-10-09 00:00:00'),
(648, 1, 1, 2, 99, '100.00', '2023-10-10 00:00:00'),
(649, 3, 1, 2, 63, '100.00', '2023-10-11 00:00:00'),
(650, 1, 1, 2, 70, '100.00', '2023-10-12 00:00:00'),
(651, 2, 1, 2, 84, '100.00', '2023-10-13 00:00:00'),
(652, 2, 1, 2, 76, '100.00', '2023-10-14 00:00:00'),
(653, 1, 1, 2, 90, '100.00', '2023-10-15 00:00:00'),
(654, 2, 1, 2, 74, '100.00', '2023-10-16 00:00:00'),
(655, 1, 1, 2, 107, '100.00', '2023-10-17 00:00:00'),
(656, 2, 1, 2, 83, '100.00', '2023-10-18 00:00:00'),
(657, 2, 1, 2, 89, '100.00', '2023-10-19 00:00:00'),
(658, 3, 1, 2, 118, '100.00', '2023-10-20 00:00:00'),
(659, 2, 1, 2, 111, '100.00', '2023-10-21 00:00:00'),
(660, 3, 1, 2, 62, '100.00', '2023-10-22 00:00:00'),
(661, 2, 1, 2, 120, '100.00', '2023-10-23 00:00:00'),
(662, 3, 1, 2, 84, '100.00', '2023-10-24 00:00:00'),
(663, 3, 1, 2, 78, '100.00', '2023-10-25 00:00:00'),
(664, 1, 1, 2, 80, '100.00', '2023-10-26 00:00:00'),
(665, 2, 1, 2, 67, '100.00', '2023-10-27 00:00:00'),
(666, 2, 1, 2, 83, '100.00', '2023-10-28 00:00:00'),
(667, 2, 1, 2, 65, '100.00', '2023-10-29 00:00:00'),
(668, 1, 1, 2, 69, '100.00', '2023-10-30 00:00:00'),
(669, 2, 1, 2, 117, '100.00', '2023-10-31 00:00:00'),
(670, 2, 1, 2, 117, '100.00', '2023-11-01 00:00:00'),
(671, 2, 1, 2, 105, '100.00', '2023-11-02 00:00:00'),
(672, 2, 1, 2, 69, '100.00', '2023-11-03 00:00:00'),
(673, 1, 1, 2, 88, '100.00', '2023-11-04 00:00:00'),
(674, 1, 1, 2, 116, '100.00', '2023-11-05 00:00:00'),
(675, 1, 1, 2, 75, '100.00', '2023-11-06 00:00:00'),
(676, 1, 1, 2, 91, '100.00', '2023-11-07 00:00:00'),
(677, 1, 1, 2, 90, '100.00', '2023-11-08 00:00:00'),
(678, 2, 1, 2, 119, '100.00', '2023-11-09 00:00:00'),
(679, 1, 1, 2, 117, '100.00', '2023-11-10 00:00:00'),
(680, 3, 1, 2, 104, '100.00', '2023-11-11 00:00:00'),
(681, 3, 1, 2, 100, '100.00', '2023-11-12 00:00:00'),
(682, 1, 1, 2, 98, '100.00', '2023-11-13 00:00:00'),
(683, 3, 1, 2, 87, '100.00', '2023-11-14 00:00:00'),
(684, 1, 1, 2, 78, '100.00', '2023-11-15 00:00:00'),
(685, 1, 1, 2, 73, '100.00', '2023-11-16 00:00:00'),
(686, 2, 1, 2, 64, '100.00', '2023-11-17 00:00:00'),
(687, 1, 1, 2, 118, '100.00', '2023-11-18 00:00:00'),
(688, 1, 1, 2, 70, '100.00', '2023-11-19 00:00:00'),
(689, 1, 1, 2, 98, '100.00', '2023-11-20 00:00:00'),
(690, 3, 1, 2, 106, '100.00', '2023-11-21 00:00:00'),
(691, 2, 1, 2, 120, '100.00', '2023-11-22 00:00:00'),
(692, 2, 1, 2, 120, '100.00', '2023-11-23 00:00:00'),
(693, 2, 1, 2, 103, '100.00', '2023-11-24 00:00:00'),
(694, 2, 1, 2, 94, '100.00', '2023-11-25 00:00:00'),
(695, 2, 1, 2, 83, '100.00', '2023-11-26 00:00:00'),
(696, 1, 1, 2, 99, '100.00', '2023-11-27 00:00:00'),
(697, 3, 1, 2, 82, '100.00', '2023-11-28 00:00:00'),
(698, 2, 1, 2, 70, '100.00', '2023-11-29 00:00:00'),
(699, 1, 1, 2, 61, '100.00', '2023-11-30 00:00:00'),
(700, 2, 1, 2, 101, '100.00', '2023-12-01 00:00:00'),
(701, 1, 1, 2, 80, '100.00', '2023-12-02 00:00:00'),
(702, 1, 1, 2, 115, '100.00', '2023-12-03 00:00:00'),
(703, 1, 1, 2, 61, '100.00', '2023-12-04 00:00:00'),
(704, 1, 1, 2, 79, '100.00', '2023-12-05 00:00:00'),
(705, 2, 1, 2, 91, '100.00', '2023-12-06 00:00:00'),
(706, 3, 1, 2, 95, '100.00', '2023-12-07 00:00:00'),
(707, 2, 1, 2, 95, '100.00', '2023-12-08 00:00:00'),
(708, 3, 1, 2, 64, '100.00', '2023-12-09 00:00:00'),
(709, 3, 1, 2, 116, '100.00', '2023-12-10 00:00:00'),
(710, 1, 1, 2, 99, '100.00', '2023-12-11 00:00:00'),
(711, 3, 1, 2, 114, '100.00', '2023-12-12 00:00:00'),
(712, 3, 1, 2, 104, '100.00', '2023-12-13 00:00:00'),
(713, 2, 1, 2, 118, '100.00', '2023-12-14 00:00:00'),
(714, 3, 1, 2, 116, '100.00', '2023-12-15 00:00:00'),
(715, 3, 1, 2, 102, '100.00', '2023-12-16 00:00:00'),
(716, 1, 1, 2, 97, '100.00', '2023-12-17 00:00:00'),
(717, 3, 1, 2, 105, '100.00', '2023-12-18 00:00:00'),
(718, 3, 1, 2, 110, '100.00', '2023-12-19 00:00:00'),
(719, 3, 1, 2, 96, '100.00', '2023-12-20 00:00:00'),
(720, 3, 1, 2, 82, '100.00', '2023-12-21 00:00:00'),
(721, 1, 1, 2, 110, '100.00', '2023-12-22 00:00:00'),
(722, 2, 1, 2, 105, '100.00', '2023-12-23 00:00:00'),
(723, 1, 1, 2, 85, '100.00', '2023-12-24 00:00:00'),
(724, 2, 1, 2, 62, '100.00', '2023-12-25 00:00:00'),
(725, 3, 1, 2, 93, '100.00', '2023-12-26 00:00:00'),
(726, 1, 1, 2, 69, '100.00', '2023-12-27 00:00:00'),
(727, 2, 1, 2, 84, '100.00', '2023-12-28 00:00:00'),
(728, 3, 1, 2, 108, '100.00', '2023-12-29 00:00:00'),
(729, 1, 1, 2, 101, '100.00', '2023-12-30 00:00:00'),
(730, 2, 1, 2, 116, '100.00', '2023-12-31 00:00:00'),
(731, 1, -1, 2, 500, '100.00', '2023-02-01 12:54:27');

--
-- Triggers `movimiento`
--
DELIMITER $$
CREATE TRIGGER `trig_actualizarStock` BEFORE INSERT ON `movimiento` FOR EACH ROW BEGIN

	DECLARE nuevo_stock_pro INT;
    DECLARE salida_stock INT;
 
   IF NEW.tipomovimientoid = '1' THEN

   SET nuevo_stock_pro = (SELECT stock_pro FROM producto WHERE idpro = NEW.productoid) + NEW.cantidad;

   UPDATE producto SET stock_pro = stock_pro + NEW.cantidad WHERE producto.idpro = NEW.productoid;
    
      INSERT INTO kardex (productoid,tipomovimientoid,ingreso,salida,saldo) VALUES	(
NEW.productoid,1,NEW.cantidad,0,nuevo_stock_pro);

   ELSEIF NEW.tipomovimientoid = '2' THEN
   SET salida_stock = (SELECT stock_pro FROM producto WHERE idpro = NEW.productoid) - NEW.cantidad;
      UPDATE producto SET stock_pro = stock_pro - NEW.cantidad WHERE producto.idpro = NEW.productoid;
     
      INSERT INTO kardex (productoid,tipomovimientoid,ingreso,salida,saldo) VALUES (NEW.productoid,2,0,NEW.cantidad,salida_stock);
      
   END IF;
END
$$
DELIMITER ;

-- --------------------------------------------------------

--
-- Table structure for table `permiso`
--

CREATE TABLE `permiso` (
  `idpermiso` int(11) NOT NULL,
  `nombre` varchar(100) DEFAULT NULL,
  `url` varchar(50) NOT NULL,
  `id` varchar(50) NOT NULL,
  `icono` varchar(45) NOT NULL,
  `role_id` varchar(11) NOT NULL
) ENGINE=InnoDB DEFAULT CHARSET=utf8 COLLATE=utf8_general_ci;

--
-- Dumping data for table `permiso`
--

INSERT INTO `permiso` (`idpermiso`, `nombre`, `url`, `id`, `icono`, `role_id`) VALUES
(1, 'Escritorio', 'escritorio.php', 'mEscritorio', 'fa-home', '-1,1,2,3'),
(2, 'Categoria', 'categoria.php', 'mCategoria', 'fa-users', '-1,1'),
(3, 'Media', 'media.php', 'mMedia', 'fa-shield', '-1,1,2,3'),
(4, 'Productos', 'producto_nombre.php', 'mProductoNombre', 'fa-users', '-1,1,2,3'),
(5, 'Reportes Generales /Mes', 'reporte_general.php', 'mReportes', 'fa-bar-chart', '-1,1,2'),
(6, 'Reportes Movimiento Inventario', 'reporte_kardex.php', 'mReportes', 'fa-bar-chart', '-1,1,2'),
(7, 'Reportes de Ganancias', 'reporte_ganancias.php', 'mReportes', 'fa-bar-chart', '-1,1,2'),
(8, 'Machine Learning', 'ml_ingreso_rapido_producto.php', 'mMachineLearning', 'fa-industry', '-1,1,2,3'),
(9, 'ML Prediccion Insumos', 'ml_predicciones_insumos.php', 'mPrediccionesInsumos', 'fa-industry', '-1,1,2,3'),
(10, 'Mi perfil', 'perfil.php', 'mPerfil', 'fa-user', '-1,1,2,3'),
(11, 'Usuario', 'usuario.php', 'mUsuario', 'fa-user', '-1,1,2'),
(13, 'Grupo', 'grupo.php', 'mGrupo', 'fa-users', '-1,1'),
(14, 'Movimientos', 'movimiento.php', 'mMovimiento', 'fa-users', '-1,1,2,3'),
(15, 'Stock de productos', 'reporte_stock_productos.php', 'mReportes', 'fa-bar-chart', '-1,1,2'),
(16, 'Reporte de Exactitud o precisión', 'reporte_exactitud.php', 'mReportes', 'fa-bar-chart', '-1,1,2'),
(17, 'Reporte de Productos agotados', 'reporte_kardex.php', 'mReportes', 'fa-bar-chart', '1'),
(18, 'Reporte Stock minimo', 'reporte_estock_minimo.php', 'mReportes', 'fa-bar-chart', '-1,1,2,3');

-- --------------------------------------------------------

--
-- Table structure for table `producto`
--

CREATE TABLE `producto` (
  `idpro` int(11) NOT NULL,
  `categoriaid` int(11) NOT NULL,
  `mediaid` int(11) NOT NULL,
  `nom_pro` varchar(150) NOT NULL,
  `stock_pro` decimal(11,2) NOT NULL,
  `pre_com_pro` decimal(11,2) NOT NULL,
  `pre_ven_pro` decimal(11,2) NOT NULL,
  `fec_pro` datetime NOT NULL,
  `codigobarras` varchar(25) NOT NULL,
  `est_pro` tinyint(4) NOT NULL,
  `stk_min_pro` varchar(20) DEFAULT NULL
) ENGINE=InnoDB DEFAULT CHARSET=utf8 COLLATE=utf8_general_ci;

--
-- Dumping data for table `producto`
--

INSERT INTO `producto` (`idpro`, `categoriaid`, `mediaid`, `nom_pro`, `stock_pro`, `pre_com_pro`, `pre_ven_pro`, `fec_pro`, `codigobarras`, `est_pro`, `stk_min_pro`) VALUES
(1, 1, 3, 'Telas', '6767.00', '2.00', '4.00', '2023-11-06 17:22:22', '2000012345678', 1, '20'),
(2, 1, 4, 'Botones', '3841.00', '2.00', '4.00', '2023-11-06 17:22:54', '2500012345678', 1, '20'),
(3, 7, 3, 'Etiquetas', '5039.00', '2.00', '4.00', '2023-11-06 17:23:10', '3000012345678', 1, '20'),
(39, 7, 3, 'Producto 3 por ML.', '100.00', '10.00', '15.00', '2023-12-07 00:00:00', '3100012345678', 1, '20'),
(40, 1, 3, 'Producto 40 por ML.', '100.00', '10.00', '15.00', '2023-12-07 00:00:00', '2200012345678', 1, '20'),
(41, 1, 3, 'Producto 41 por ML.', '100.00', '10.00', '15.00', '2023-12-07 00:00:00', '2300012345678', 1, '20');

-- --------------------------------------------------------

--
-- Table structure for table `tipomovimiento`
--

CREATE TABLE `tipomovimiento` (
  `id` bigint(20) NOT NULL,
  `nombre` varchar(120) NOT NULL
) ENGINE=InnoDB DEFAULT CHARSET=utf8mb4 COLLATE=utf8mb4_swedish_ci;

--
-- Dumping data for table `tipomovimiento`
--

INSERT INTO `tipomovimiento` (`id`, `nombre`) VALUES
(1, 'Entrada'),
(2, 'Salida');

-- --------------------------------------------------------

--
-- Table structure for table `usuario`
--

CREATE TABLE `usuario` (
  `id` int(11) NOT NULL,
  `nom_us` varchar(45) NOT NULL,
  `usu_us` varchar(45) NOT NULL,
  `cla_us` varchar(60) NOT NULL,
  `rol_id_us` bigint(20) NOT NULL,
  `imagen_us` varchar(100) DEFAULT NULL,
  `con_us` tinyint(4) NOT NULL DEFAULT 1
) ENGINE=InnoDB DEFAULT CHARSET=utf8 COLLATE=utf8_general_ci;

--
-- Dumping data for table `usuario`
--

INSERT INTO `usuario` (`id`, `nom_us`, `usu_us`, `cla_us`, `rol_id_us`, `imagen_us`, `con_us`) VALUES
(-1, 'mac', 'sys', 'sys', 1, 'perfil_default.jpg', 1),
(1, 'jose', 'jose', '123456', 1, 'perfil_default.jpg', 1),
(3, 'supervisor', 'supervisor', 'supervisor', 2, 'perfil_default.jpg', 1),
(4, 'adm3', 'adm3', 'adm3', 1, 'perfil_default.jpg', 1),
(5, 'adm4', 'adm4', 'adm4', 3, 'perfil_default.jpg', 1);

-- --------------------------------------------------------

--
-- Table structure for table `usuario_permiso`
--

CREATE TABLE `usuario_permiso` (
  `idusuario_permiso` int(11) NOT NULL,
  `idusuario` int(11) DEFAULT NULL,
  `idpermiso` int(11) DEFAULT NULL
) ENGINE=InnoDB DEFAULT CHARSET=utf8 COLLATE=utf8_general_ci;

--
-- Dumping data for table `usuario_permiso`
--

INSERT INTO `usuario_permiso` (`idusuario_permiso`, `idusuario`, `idpermiso`) VALUES
(1, -1, 1),
(2, -1, 2),
(3, -1, 3),
(4, -1, 4),
(5, -1, 5),
(6, -1, 6),
(7, -1, 7),
(8, -1, 8),
(9, -1, 9),
(10, -1, 10),
(11, -1, 11),
(63, 2, 1),
(64, 2, 2),
(65, 2, 3),
(66, 2, 4),
(67, 2, 5),
(68, 2, 6),
(69, 2, 7),
(70, 2, 8),
(71, 2, 9),
(72, 2, 10),
(73, 2, 11),
(83, 4, 1),
(84, 4, 2),
(85, 4, 3),
(86, 4, 4),
(87, 4, 5),
(88, 4, 6),
(89, 4, 7),
(90, 4, 8),
(91, 4, 9),
(92, 4, 10),
(93, 4, 11),
(103, -1, 13),
(104, -1, 14),
(105, -1, 15),
(106, -1, 16),
(107, -1, 17),
(108, 3, 1),
(109, 3, 3),
(110, 3, 4),
(111, 3, 5),
(112, 3, 6),
(113, 3, 7),
(114, 3, 8),
(115, 3, 9),
(116, 3, 10),
(117, 3, 11),
(118, 3, 14),
(119, 3, 15),
(120, 3, 16),
(121, 3, 17),
(128, 5, 1),
(129, 5, 3),
(130, 5, 4),
(131, 5, 8),
(132, 5, 9),
(133, 5, 13),
(134, 5, 14);

--
-- Indexes for dumped tables
--

--
-- Indexes for table `auxiliar`
--
ALTER TABLE `auxiliar`
  ADD PRIMARY KEY (`id`);

--
-- Indexes for table `categoria`
--
ALTER TABLE `categoria`
  ADD PRIMARY KEY (`idcat`),
  ADD UNIQUE KEY `nombre_UNIQUE` (`nom_cat`);

--
-- Indexes for table `grupo`
--
ALTER TABLE `grupo`
  ADD PRIMARY KEY (`id_rol`) USING BTREE;

--
-- Indexes for table `inventariofisico`
--
ALTER TABLE `inventariofisico`
  ADD PRIMARY KEY (`idinventario`),
  ADD KEY `productoid` (`productoid`);

--
-- Indexes for table `kardex`
--
ALTER TABLE `kardex`
  ADD PRIMARY KEY (`idkardex`),
  ADD KEY `tipomovimientoid` (`tipomovimientoid`),
  ADD KEY `productoid` (`productoid`);

--
-- Indexes for table `media`
--
ALTER TABLE `media`
  ADD PRIMARY KEY (`idmed`);

--
-- Indexes for table `movimiento`
--
ALTER TABLE `movimiento`
  ADD PRIMARY KEY (`idmov`),
  ADD KEY `fk_salida_usuario_idx` (`usuarioid`),
  ADD KEY `fk_salida_producto_idx` (`productoid`),
  ADD KEY `tipomovimientoid` (`tipomovimientoid`);

--
-- Indexes for table `permiso`
--
ALTER TABLE `permiso`
  ADD PRIMARY KEY (`idpermiso`);

--
-- Indexes for table `producto`
--
ALTER TABLE `producto`
  ADD PRIMARY KEY (`idpro`),
  ADD KEY `fk_producto_categoria_idx` (`categoriaid`),
  ADD KEY `fk_producto_media_idx` (`mediaid`);

--
-- Indexes for table `tipomovimiento`
--
ALTER TABLE `tipomovimiento`
  ADD PRIMARY KEY (`id`);

--
-- Indexes for table `usuario`
--
ALTER TABLE `usuario`
  ADD PRIMARY KEY (`id`),
  ADD UNIQUE KEY `nom_us_UNIQUE` (`nom_us`),
  ADD KEY `fk_usuario_role_idx` (`rol_id_us`);

--
-- Indexes for table `usuario_permiso`
--
ALTER TABLE `usuario_permiso`
  ADD PRIMARY KEY (`idusuario_permiso`),
  ADD KEY `fk_usuario_permiso_idx` (`idpermiso`),
  ADD KEY `fk_usuario_permiso_usuario_idx` (`idusuario`);

--
-- AUTO_INCREMENT for dumped tables
--

--
-- AUTO_INCREMENT for table `auxiliar`
--
ALTER TABLE `auxiliar`
  MODIFY `id` int(11) NOT NULL AUTO_INCREMENT, AUTO_INCREMENT=12;

--
-- AUTO_INCREMENT for table `categoria`
--
ALTER TABLE `categoria`
  MODIFY `idcat` int(11) NOT NULL AUTO_INCREMENT, AUTO_INCREMENT=8;

--
-- AUTO_INCREMENT for table `grupo`
--
ALTER TABLE `grupo`
  MODIFY `id_rol` bigint(20) NOT NULL AUTO_INCREMENT, AUTO_INCREMENT=4;

--
-- AUTO_INCREMENT for table `inventariofisico`
--
ALTER TABLE `inventariofisico`
  MODIFY `idinventario` bigint(20) NOT NULL AUTO_INCREMENT, AUTO_INCREMENT=6;

--
-- AUTO_INCREMENT for table `kardex`
--
ALTER TABLE `kardex`
  MODIFY `idkardex` bigint(20) NOT NULL AUTO_INCREMENT, AUTO_INCREMENT=732;

--
-- AUTO_INCREMENT for table `media`
--
ALTER TABLE `media`
  MODIFY `idmed` int(11) NOT NULL AUTO_INCREMENT, AUTO_INCREMENT=9;

--
-- AUTO_INCREMENT for table `movimiento`
--
ALTER TABLE `movimiento`
  MODIFY `idmov` int(11) NOT NULL AUTO_INCREMENT, AUTO_INCREMENT=732;

--
-- AUTO_INCREMENT for table `permiso`
--
ALTER TABLE `permiso`
  MODIFY `idpermiso` int(11) NOT NULL AUTO_INCREMENT, AUTO_INCREMENT=19;

--
-- AUTO_INCREMENT for table `producto`
--
ALTER TABLE `producto`
  MODIFY `idpro` int(11) NOT NULL AUTO_INCREMENT, AUTO_INCREMENT=42;

--
-- AUTO_INCREMENT for table `tipomovimiento`
--
ALTER TABLE `tipomovimiento`
  MODIFY `id` bigint(20) NOT NULL AUTO_INCREMENT, AUTO_INCREMENT=3;

--
-- AUTO_INCREMENT for table `usuario`
--
ALTER TABLE `usuario`
  MODIFY `id` int(11) NOT NULL AUTO_INCREMENT, AUTO_INCREMENT=6;

--
-- AUTO_INCREMENT for table `usuario_permiso`
--
ALTER TABLE `usuario_permiso`
  MODIFY `idusuario_permiso` int(11) NOT NULL AUTO_INCREMENT, AUTO_INCREMENT=135;

--
-- Constraints for dumped tables
--

--
-- Constraints for table `movimiento`
--
ALTER TABLE `movimiento`
  ADD CONSTRAINT `fk_salida_producto` FOREIGN KEY (`productoid`) REFERENCES `producto` (`idpro`) ON DELETE NO ACTION ON UPDATE NO ACTION,
  ADD CONSTRAINT `movimiento_ibfk_1` FOREIGN KEY (`tipomovimientoid`) REFERENCES `tipomovimiento` (`id`) ON DELETE CASCADE ON UPDATE CASCADE;

--
-- Constraints for table `producto`
--
ALTER TABLE `producto`
  ADD CONSTRAINT `fk_producto_categoria` FOREIGN KEY (`categoriaid`) REFERENCES `categoria` (`idcat`) ON DELETE NO ACTION ON UPDATE NO ACTION,
  ADD CONSTRAINT `fk_producto_media` FOREIGN KEY (`mediaid`) REFERENCES `media` (`idmed`) ON DELETE NO ACTION ON UPDATE NO ACTION;

--
-- Constraints for table `usuario`
--
ALTER TABLE `usuario`
  ADD CONSTRAINT `usuario_ibfk_1` FOREIGN KEY (`rol_id_us`) REFERENCES `grupo` (`id_rol`) ON DELETE CASCADE ON UPDATE CASCADE;
COMMIT;

/*!40101 SET CHARACTER_SET_CLIENT=@OLD_CHARACTER_SET_CLIENT */;
/*!40101 SET CHARACTER_SET_RESULTS=@OLD_CHARACTER_SET_RESULTS */;
/*!40101 SET COLLATION_CONNECTION=@OLD_COLLATION_CONNECTION */;
